plant_name,node,scenario,weather_year,2030,2035,2040,2050
AT00_electrolyzer,AT00,DistributedEnergy,1995,6199329.088,11625557.22,17051785.35,16950292.52
AT00_electrolyzer,AT00,DistributedEnergy,2008,6191733.863,11555596.66,16919459.45,16767192.48
AT00_electrolyzer,AT00,DistributedEnergy,2009,6174928.576,11524730.68,16874532.78,16698527.93
AT00_electrolyzer,AT00,GlobalAmbition,1995,9321694.569,10871380.43,12421066.3,11158000.62
AT00_electrolyzer,AT00,GlobalAmbition,2008,9309164.725,10860247.23,12411329.73,11204039.62
AT00_electrolyzer,AT00,GlobalAmbition,2009,9315105.039,10737659.37,12160213.7,10894266.13
BE00_electrolyzer,BE00,DistributedEnergy,1995,11523896.44,22036731.85,32549567.27,33740091.12
BE00_electrolyzer,BE00,DistributedEnergy,2008,11574169.93,21795676.96,32017183.99,33559856.92
BE00_electrolyzer,BE00,DistributedEnergy,2009,11609396.19,22767279.7,33925163.2,37060129.89
BE00_electrolyzer,BE00,GlobalAmbition,1995,19901090.22,20720426.83,21539763.44,18401540.25
BE00_electrolyzer,BE00,GlobalAmbition,2008,19926166.98,20735416.48,21544665.99,18308810.16
BE00_electrolyzer,BE00,GlobalAmbition,2009,19941650.39,20603821.68,21265992.96,18112060.51
CH00_electrolyzer,CH00,DistributedEnergy,1995,-1.19E-09,-5.00084E-06,-1.00E-05,-1.00E-05
CH00_electrolyzer,CH00,DistributedEnergy,2008,1.00E-05,5.86198E-10,-1.00E-05,0
CH00_electrolyzer,CH00,DistributedEnergy,2009,-1.00E-05,-1.00013E-05,-1.00E-05,-1.00E-05
CH00_electrolyzer,CH00,GlobalAmbition,1995,0,4.54747E-10,9.09E-10,3.64E-09
CH00_electrolyzer,CH00,GlobalAmbition,2008,1.14E-09,1.7053E-09,2.27E-09,0
CH00_electrolyzer,CH00,GlobalAmbition,2009,-1.00E-05,-1.13687E-09,1.00E-05,-1.00E-05
CZ00_electrolyzer,CZ00,DistributedEnergy,1995,6514483.288,12681990.24,18849497.19,17413685.32
CZ00_electrolyzer,CZ00,DistributedEnergy,2008,6453385.573,12844843.53,19236301.48,17374723.3
CZ00_electrolyzer,CZ00,DistributedEnergy,2009,6489519.505,13172901.32,19856283.13,19408028.38
CZ00_electrolyzer,CZ00,GlobalAmbition,1995,10141320.39,16724700.94,23308081.48,12565646.02
CZ00_electrolyzer,CZ00,GlobalAmbition,2008,10116262.91,16624045.45,23131827.98,12434991.95
CZ00_electrolyzer,CZ00,GlobalAmbition,2009,10139839.71,16712282.12,23284724.52,12863969.87
DE00_electrolyzer,DE00,DistributedEnergy,1995,80750430.22,154200079,227649727.7,289639299.3
DE00_electrolyzer,DE00,DistributedEnergy,2008,80095327.01,153486036.8,226876746.7,292204868
DE00_electrolyzer,DE00,DistributedEnergy,2009,80041814.79,157256271.8,234470728.7,308890147.8
DE00_electrolyzer,DE00,GlobalAmbition,1995,104870605,153808501,202746397,258402077.7
DE00_electrolyzer,DE00,GlobalAmbition,2008,104903543.3,153942808.9,202982074.5,260748723.3
DE00_electrolyzer,DE00,GlobalAmbition,2009,104753882.9,153688954.4,202624025.8,259764160.2
DKE1_electrolyzer,DKE1,DistributedEnergy,1995,1331719.538,20146213.08,38960706.61,38765216.56
DKE1_electrolyzer,DKE1,DistributedEnergy,2008,1327463.199,20190125.56,39052787.92,39662687.42
DKE1_electrolyzer,DKE1,DistributedEnergy,2009,1177879.569,20704272.45,40230665.33,40601025.31
DKE1_electrolyzer,DKE1,GlobalAmbition,1995,1350572.784,2566358.034,3782143.284,32480725.93
DKE1_electrolyzer,DKE1,GlobalAmbition,2008,1380358.382,2547217.912,3714077.442,32958061.01
DKE1_electrolyzer,DKE1,GlobalAmbition,2009,1274568.417,3126143.069,4977717.721,33900128.24
DKW1_electrolyzer,DKW1,DistributedEnergy,1995,1817159.99,36954548.9,72091937.81,100811250
DKW1_electrolyzer,DKW1,DistributedEnergy,2008,1904891.828,35562309.36,69219726.89,97731188.1
DKW1_electrolyzer,DKW1,DistributedEnergy,2009,1533442.967,35694497.41,69855551.86,97743830.7
DKW1_electrolyzer,DKW1,GlobalAmbition,1995,2534430.395,21340840.9,40147251.4,100257716.2
DKW1_electrolyzer,DKW1,GlobalAmbition,2008,2658464.876,21098691.58,39538918.28,98285220.36
DKW1_electrolyzer,DKW1,GlobalAmbition,2009,2217229.06,20915192.51,39613155.96,97689199.14
ES00_electrolyzer,ES00,DistributedEnergy,1995,24082469.84,87740355.15,151398240.5,199559075.8
ES00_electrolyzer,ES00,DistributedEnergy,2008,22628858.75,85352774.56,148076690.4,190543102.7
ES00_electrolyzer,ES00,DistributedEnergy,2009,24425263.27,89183421.11,153941579,204664526.4
ES00_electrolyzer,ES00,GlobalAmbition,1995,23389136.85,62375739.54,101362342.2,216174177.6
ES00_electrolyzer,ES00,GlobalAmbition,2008,23078571.18,58589243.12,94099915.07,197854802
ES00_electrolyzer,ES00,GlobalAmbition,2009,23630025.13,68232091.59,112834158,235055527.5
FR00_electrolyzer,FR00,DistributedEnergy,1995,23770657.26,98589974.44,173409291.6,252651818.1
FR00_electrolyzer,FR00,DistributedEnergy,2008,26102741.98,98695667.77,171288593.6,249306086.7
FR00_electrolyzer,FR00,DistributedEnergy,2009,24895588.76,101764777.1,178633965.5,253993479.8
FR00_electrolyzer,FR00,GlobalAmbition,1995,29246427.73,121277701.4,213308975.1,375782654.4
FR00_electrolyzer,FR00,GlobalAmbition,2008,29125262.09,121713237.6,214301213.2,375651989.5
FR00_electrolyzer,FR00,GlobalAmbition,2009,30590010.78,119649745.6,208709480.3,366525492.4
HR00_electrolyzer,HR00,DistributedEnergy,1995,4359729.442,5667447.437,6975165.431,17100321.03
HR00_electrolyzer,HR00,DistributedEnergy,2008,4359729.442,5724305.064,7088880.686,17087747.64
HR00_electrolyzer,HR00,DistributedEnergy,2009,4359729.442,5713989.772,7068250.101,17259784.58
HR00_electrolyzer,HR00,GlobalAmbition,1995,5295235.65,5208404.981,5121574.312,2754854.433
HR00_electrolyzer,HR00,GlobalAmbition,2008,5306596.166,5233165.051,5159733.937,2791796.724
HR00_electrolyzer,HR00,GlobalAmbition,2009,5308666.946,5700089.668,6091512.39,4366494.789
HU00_electrolyzer,HU00,DistributedEnergy,1995,8003706.228,14088369.22,20173032.21,21812241.53
HU00_electrolyzer,HU00,DistributedEnergy,2008,8003579.988,14338421.35,20673262.72,21919708.95
HU00_electrolyzer,HU00,DistributedEnergy,2009,8002049.194,14300340.85,20598632.5,23348051.46
HU00_electrolyzer,HU00,GlobalAmbition,1995,11623096.67,14314282.86,17005469.06,10585411.96
HU00_electrolyzer,HU00,GlobalAmbition,2008,11633026.91,14359955.15,17086883.39,10538272.12
HU00_electrolyzer,HU00,GlobalAmbition,2009,11635998.09,14545242.12,17454486.15,10970033.49
IT00_electrolyzer,IT00,DistributedEnergy,1995,33481747.15,68434746.15,103387745.2,105542491.4
IT00_electrolyzer,IT00,DistributedEnergy,2008,33194672.49,68970460,104746247.5,103855279.5
IT00_electrolyzer,IT00,DistributedEnergy,2009,33403605.54,71969618.55,110535631.6,131305103.3
IT00_electrolyzer,IT00,GlobalAmbition,1995,41560690.08,67225915.39,92891140.71,75015963.73
IT00_electrolyzer,IT00,GlobalAmbition,2008,41302199.93,66477794.51,91653389.09,73696160.85
IT00_electrolyzer,IT00,GlobalAmbition,2009,41428074.5,70597666.77,99767259.04,86400093.93
LU00_electrolyzer,LU00,DistributedEnergy,1995,0,0,0,0
LU00_electrolyzer,LU00,DistributedEnergy,2008,0,0,0,0
LU00_electrolyzer,LU00,DistributedEnergy,2009,0,0,0,0
LU00_electrolyzer,LU00,GlobalAmbition,1995,0,0,0,0
LU00_electrolyzer,LU00,GlobalAmbition,2008,0,0,0,0
LU00_electrolyzer,LU00,GlobalAmbition,2009,0,0,0,0
NL00_electrolyzer,NL00,DistributedEnergy,1995,35320377.58,113612877.3,191905377.1,210368873
NL00_electrolyzer,NL00,DistributedEnergy,2008,35503831.7,115092623.8,194681415.9,210837544.8
NL00_electrolyzer,NL00,DistributedEnergy,2009,35578438.75,114846928.2,194115417.7,207898884.7
NL00_electrolyzer,NL00,GlobalAmbition,1995,52810873.31,113439342.4,174067811.5,316684251.9
NL00_electrolyzer,NL00,GlobalAmbition,2008,53138484.56,114438641.6,175738798.7,320029970
NL00_electrolyzer,NL00,GlobalAmbition,2009,53036851.7,111296267.2,169555682.8,306421626.2
NOM1_electrolyzer,NOM1,DistributedEnergy,1995,0,0,0,0
NOM1_electrolyzer,NOM1,DistributedEnergy,2008,0,0,0,0
NOM1_electrolyzer,NOM1,DistributedEnergy,2009,0,0,0,0
NOM1_electrolyzer,NOM1,GlobalAmbition,1995,0,0,0,0
NOM1_electrolyzer,NOM1,GlobalAmbition,2008,0,0,0,0
NOM1_electrolyzer,NOM1,GlobalAmbition,2009,0,0,0,0
NON1_electrolyzer,NON1,DistributedEnergy,1995,0,0,0,0
NON1_electrolyzer,NON1,DistributedEnergy,2008,0,0,0,0
NON1_electrolyzer,NON1,DistributedEnergy,2009,0,0,0,0
NON1_electrolyzer,NON1,GlobalAmbition,1995,0,0,0,0
NON1_electrolyzer,NON1,GlobalAmbition,2008,0,0,0,0
NON1_electrolyzer,NON1,GlobalAmbition,2009,0,0,0,0
NOS0_electrolyzer,NOS0,DistributedEnergy,1995,0,0,0,0
NOS0_electrolyzer,NOS0,DistributedEnergy,2008,0,0,0,0
NOS0_electrolyzer,NOS0,DistributedEnergy,2009,0,0,0,0
NOS0_electrolyzer,NOS0,GlobalAmbition,1995,0,0,0,0
NOS0_electrolyzer,NOS0,GlobalAmbition,2008,0,0,0,0
NOS0_electrolyzer,NOS0,GlobalAmbition,2009,0,0,0,0
PL00_electrolyzer,PL00,DistributedEnergy,1995,27605184.55,43001492.42,58397800.29,89196748.34
PL00_electrolyzer,PL00,DistributedEnergy,2008,26901167.23,43185807.22,59470447.2,89975668.56
PL00_electrolyzer,PL00,DistributedEnergy,2009,26894592.19,42312698.57,57730804.95,84731408.55
PL00_electrolyzer,PL00,GlobalAmbition,1995,33388090.56,36032465.67,38676840.78,40053620.79
PL00_electrolyzer,PL00,GlobalAmbition,2008,33436883.74,36058035.75,38679187.76,40328180.37
PL00_electrolyzer,PL00,GlobalAmbition,2009,33646437.1,36000002.89,38353568.68,39223849.8
PT00_electrolyzer,PT00,DistributedEnergy,1995,4965016.277,28484440.92,52003865.56,71741578.05
PT00_electrolyzer,PT00,DistributedEnergy,2008,4622958.223,27504138.96,50385319.71,67254215.7
PT00_electrolyzer,PT00,DistributedEnergy,2009,5081061.685,28779913.2,52478764.72,72178049.66
PT00_electrolyzer,PT00,GlobalAmbition,1995,4717376.882,19038484.86,33359592.83,58299785.75
PT00_electrolyzer,PT00,GlobalAmbition,2008,4717316.882,16986648.6,29255980.32,52348176.63
PT00_electrolyzer,PT00,GlobalAmbition,2009,4717329.857,19123502.26,33529674.65,57540828.85
SE01_electrolyzer,SE01,DistributedEnergy,1995,5.12E-10,8103367.713,16206735.43,14911375.28
SE01_electrolyzer,SE01,DistributedEnergy,2008,1.00E-05,7624422.759,15248845.52,13741883.72
SE01_electrolyzer,SE01,DistributedEnergy,2009,-3.98E-10,8786429.594,17572859.19,16953077.84
SE01_electrolyzer,SE01,GlobalAmbition,1995,73837.14878,12102258.21,24130679.27,31531905.69
SE01_electrolyzer,SE01,GlobalAmbition,2008,73837.14878,11860141.59,23646446.03,29271434.19
SE01_electrolyzer,SE01,GlobalAmbition,2009,73837.14878,12338144.09,24602451.04,32560219.98
SE02_electrolyzer,SE02,DistributedEnergy,1995,3599274.122,4032143.995,4465013.868,5451032.878
SE02_electrolyzer,SE02,DistributedEnergy,2008,3243544.495,3817697.378,4391850.261,5489747.121
SE02_electrolyzer,SE02,DistributedEnergy,2009,2932835.686,3654466.197,4376096.709,5387399.343
SE02_electrolyzer,SE02,GlobalAmbition,1995,2971098.223,3724359.334,4477620.445,12791575.43
SE02_electrolyzer,SE02,GlobalAmbition,2008,2846884.953,3654035.28,4461185.607,12809923.47
SE02_electrolyzer,SE02,GlobalAmbition,2009,2708276.621,3554422.484,4400568.347,12591570.36
SE03_electrolyzer,SE03,DistributedEnergy,1995,7491389.549,8746227.596,10001065.64,12122393.59
SE03_electrolyzer,SE03,DistributedEnergy,2008,7365685.272,8847345.21,10329005.15,12765033.21
SE03_electrolyzer,SE03,DistributedEnergy,2009,6293141.27,8115314.746,9937488.221,12449412.59
SE03_electrolyzer,SE03,GlobalAmbition,1995,4788104.146,8390229.229,11992354.31,10003770.9
SE03_electrolyzer,SE03,GlobalAmbition,2008,4443517.813,8182146.298,11920774.78,10080616.63
SE03_electrolyzer,SE03,GlobalAmbition,2009,4733439.167,8127528.243,11521617.32,9668148.188
SE04_electrolyzer,SE04,DistributedEnergy,1995,6818138.446,6779491.69,6740844.933,7378891.787
SE04_electrolyzer,SE04,DistributedEnergy,2008,6807518.326,7168663.175,7529808.024,8285498.715
SE04_electrolyzer,SE04,DistributedEnergy,2009,5966761.228,6529138.457,7091515.686,7892084.446
SE04_electrolyzer,SE04,GlobalAmbition,1995,4082582.426,7068987.418,10055392.41,8763444.274
SE04_electrolyzer,SE04,GlobalAmbition,2008,3976042.547,7073987.492,10171932.44,8864082.007
SE04_electrolyzer,SE04,GlobalAmbition,2009,3951365.453,6873756.962,9796148.471,8589325.165
SI00_electrolyzer,SI00,DistributedEnergy,1995,825618.7861,2782851.861,4740084.935,4714045.925
SI00_electrolyzer,SI00,DistributedEnergy,2008,828517.1066,2812653.001,4796788.895,4704682.688
SI00_electrolyzer,SI00,DistributedEnergy,2009,822537.6612,2866934.03,4911330.399,5368543.131
SI00_electrolyzer,SI00,GlobalAmbition,1995,882584.3143,2105024.839,3327465.364,2622312.859
SI00_electrolyzer,SI00,GlobalAmbition,2008,882584.3143,2095496.008,3308407.702,2635427.696
SI00_electrolyzer,SI00,GlobalAmbition,2009,882584.3143,2345240.277,3807896.239,3495929.728
SK00_electrolyzer,SK00,DistributedEnergy,1995,4933749.509,6944028.363,8954307.217,7030834.086
SK00_electrolyzer,SK00,DistributedEnergy,2008,4929654.805,7045420.038,9161185.272,6985166.189
SK00_electrolyzer,SK00,DistributedEnergy,2009,4926327.528,6972705.808,9019084.088,7034821.325
SK00_electrolyzer,SK00,GlobalAmbition,1995,6559008.921,6805416.376,7051823.83,4804376.259
SK00_electrolyzer,SK00,GlobalAmbition,2008,6581485.638,6802193.229,7022900.821,4735203.166
SK00_electrolyzer,SK00,GlobalAmbition,2009,6582934.073,6967444.059,7351954.046,5266594.746
UK00_electrolyzer,UK00,DistributedEnergy,1995,20829614.22,44084165.06,67338715.89,235915541
UK00_electrolyzer,UK00,DistributedEnergy,2008,21417754.05,44311447.02,67205139.99,236401901.5
UK00_electrolyzer,UK00,DistributedEnergy,2009,20414121.72,43519596.81,66625071.91,226345727.3
UK00_electrolyzer,UK00,GlobalAmbition,1995,26297157.86,50429119.36,74561080.85,232852548.6
UK00_electrolyzer,UK00,GlobalAmbition,2008,27125915.29,50969807.28,74813699.27,235678976.1
UK00_electrolyzer,UK00,GlobalAmbition,2009,26289385.9,49288999.17,72288612.43,220418708.2
