index,nodeDH,nodeElec,tech,gen_max_limit,energy_max_limit,electric_connection,efficiency,power_to_heat_ratio,CHPDH,self_discharge_per_day_percent,TES_charge_efficiecy,TES_discharge_efficiecy
DH_Mittelland_thermalNew,DH_Mittelland,na,gas_boiler,400,inf,,,,,,,
DH_Mittelland_CHPNew,DH_Mittelland,CH00,CCGTCCS,400,inf,True,,0.61,True,,,
DH_Mittelland_HPNew,DH_Mittelland,CH00,heat_pump,400,inf,True,4.26,,,,,
DH_Mittelland_resistiveNew,DH_Mittelland,CH00,resistive_heater,400,inf,True,0.99,,,,,
DH_Mittelland_TTES_medium,DH_Mittelland,na,TTES_medium,15000,15000.0,,,,,0.285,0.922,0.922
DH_Mittelland_PTES_large,DH_Mittelland,na,PTES_large,60000,600000.0,,,,,0.175,0.922,0.922
DH_Alpen_thermalNew,DH_Alpen,na,gas_boiler,400,inf,,,,,,,
DH_Alpen_CHPNew,DH_Alpen,CH00,CCGTCCS,400,inf,True,,0.61,True,,,
DH_Alpen_HPNew,DH_Alpen,CH00,heat_pump,400,inf,True,4.26,,,,,
DH_Alpen_resistiveNew,DH_Alpen,CH00,resistive_heater,400,inf,True,0.99,,,,,
DH_Alpen_TTES_medium,DH_Alpen,na,TTES_medium,15000,15000.0,,,,,0.285,0.922,0.922
DH_Alpen_PTES_large,DH_Alpen,na,PTES_large,60000,600000.0,,,,,0.175,0.922,0.922
DH_Jura_thermalNew,DH_Jura,na,gas_boiler,400,inf,,,,,,,
DH_Jura_CHPNew,DH_Jura,CH00,CCGTCCS,400,inf,True,,0.61,True,,,
DH_Jura_HPNew,DH_Jura,CH00,heat_pump,400,inf,True,4.26,,,,,
DH_Jura_resistiveNew,DH_Jura,CH00,resistive_heater,400,inf,True,0.99,,,,,
DH_Jura_TTES_medium,DH_Jura,na,TTES_medium,15000,15000.0,,,,,0.285,0.922,0.922
DH_Jura_PTES_large,DH_Jura,na,PTES_large,60000,600000.0,,,,,0.175,0.922,0.922
DH_Voralpen_thermalNew,DH_Voralpen,na,gas_boiler,400,inf,,,,,,,
DH_Voralpen_CHPNew,DH_Voralpen,CH00,CCGTCCS,400,inf,True,,0.61,True,,,
DH_Voralpen_HPNew,DH_Voralpen,CH00,heat_pump,400,inf,True,4.26,,,,,
DH_Voralpen_resistiveNew,DH_Voralpen,CH00,resistive_heater,400,inf,True,0.99,,,,,
DH_Voralpen_TTES_medium,DH_Voralpen,na,TTES_medium,15000,15000.0,,,,,0.285,0.922,0.922
DH_Voralpen_PTES_large,DH_Voralpen,na,PTES_large,60000,600000.0,,,,,0.175,0.922,0.922
ILLT_Mittelland_thermalNew,ILLT_Mittelland,na,gas_boiler,400,inf,,,,,,,
ILLT_Mittelland_CHPNew,ILLT_Mittelland,CH00,CCGTCCS,400,inf,True,,0.61,True,,,
ILLT_Mittelland_HPNew,ILLT_Mittelland,CH00,heat_pump,400,inf,True,2.5,,,,,
ILLT_Mittelland_resistiveNew,ILLT_Mittelland,CH00,resistive_heater,400,inf,True,0.99,,,,,
ILLT_Mittelland_PTES_large,ILLT_Mittelland,na,PTES_large,60000,600000.0,,,,,0.175,0.922,0.922
ILLT_Mittelland_TTES_medium,ILLT_Mittelland,na,TTES_medium,15000,15000.0,,,,,0.285,0.922,0.922
ILLT_Alpen_thermalNew,ILLT_Alpen,na,gas_boiler,400,inf,,,,,,,
ILLT_Alpen_CHPNew,ILLT_Alpen,CH00,CCGTCCS,400,inf,True,,0.61,True,,,
ILLT_Alpen_HPNew,ILLT_Alpen,CH00,heat_pump,400,inf,True,2.5,,,,,
ILLT_Alpen_resistiveNew,ILLT_Alpen,CH00,resistive_heater,400,inf,True,0.99,,,,,
ILLT_Alpen_PTES_large,ILLT_Alpen,na,PTES_large,60000,600000.0,,,,,0.175,0.922,0.922
ILLT_Alpen_TTES_medium,ILLT_Alpen,na,TTES_medium,15000,15000.0,,,,,0.285,0.922,0.922
ILLT_Jura_thermalNew,ILLT_Jura,na,gas_boiler,400,inf,,,,,,,
ILLT_Jura_CHPNew,ILLT_Jura,CH00,CCGTCCS,400,inf,True,,0.61,True,,,
ILLT_Jura_HPNew,ILLT_Jura,CH00,heat_pump,400,inf,True,2.5,,,,,
ILLT_Jura_resistiveNew,ILLT_Jura,CH00,resistive_heater,400,inf,True,0.99,,,,,
ILLT_Jura_PTES_large,ILLT_Jura,na,PTES_large,60000,600000.0,,,,,0.175,0.922,0.922
ILLT_Jura_TTES_medium,ILLT_Jura,na,TTES_medium,15000,15000.0,,,,,0.285,0.922,0.922
ILLT_Voralpen_thermalNew,ILLT_Voralpen,na,gas_boiler,400,inf,,,,,,,
ILLT_Voralpen_CHPNew,ILLT_Voralpen,CH00,CCGTCCS,400,inf,True,,0.61,True,,,
ILLT_Voralpen_HPNew,ILLT_Voralpen,CH00,heat_pump,400,inf,True,2.5,,,,,
ILLT_Voralpen_resistiveNew,ILLT_Voralpen,CH00,resistive_heater,400,inf,True,0.99,,,,,
ILLT_Voralpen_PTES_large,ILLT_Voralpen,na,PTES_large,60000,600000.0,,,,,0.175,0.922,0.922
ILLT_Voralpen_TTES_medium,ILLT_Voralpen,na,TTES_medium,15000,15000.0,,,,,0.285,0.922,0.922
ILLT_Alpensuedseite_thermalNew,ILLT_Alpensuedseite,na,gas_boiler,400,inf,,,,,,,
ILLT_Alpensuedseite_CHPNew,ILLT_Alpensuedseite,CH00,CCGTCCS,400,inf,True,,0.61,True,,,
ILLT_Alpensuedseite_HPNew,ILLT_Alpensuedseite,CH00,heat_pump,400,inf,True,2.5,,,,,
ILLT_Alpensuedseite_resistiveNew,ILLT_Alpensuedseite,CH00,resistive_heater,400,inf,True,0.99,,,,,
ILLT_Alpensuedseite_PTES_large,ILLT_Alpensuedseite,na,PTES_large,60000,600000.0,,,,,0.175,0.922,0.922
ILLT_Alpensuedseite_TTES_medium,ILLT_Alpensuedseite,na,TTES_medium,15000,15000.0,,,,,0.285,0.922,0.922
ILHT_Mittelland_thermalNew,ILHT_Mittelland,na,gas_boiler,400,inf,,,,,,,
ILHT_Mittelland_CHPNew,ILHT_Mittelland,CH00,CCGTCCS,400,inf,True,,0.61,True,,,
ILHT_Mittelland_HPNew,ILHT_Mittelland,CH00,heat_pump,400,inf,True,1.5,,,,,
ILHT_Mittelland_resistiveNew,ILHT_Mittelland,CH00,resistive_heater,400,inf,True,0.99,,,,,
ILHT_Mittelland_TTES_medium,ILHT_Mittelland,na,TTES_medium,15000,15000.0,,,,,0.285,0.922,0.922
ILHT_Alpen_thermalNew,ILHT_Alpen,na,gas_boiler,400,inf,,,,,,,
ILHT_Alpen_CHPNew,ILHT_Alpen,CH00,CCGTCCS,400,inf,True,,0.61,True,,,
ILHT_Alpen_HPNew,ILHT_Alpen,CH00,heat_pump,400,inf,True,1.5,,,,,
ILHT_Alpen_resistiveNew,ILHT_Alpen,CH00,resistive_heater,400,inf,True,0.99,,,,,
ILHT_Alpen_TTES_medium,ILHT_Alpen,na,TTES_medium,15000,15000.0,,,,,0.285,0.922,0.922
ILHT_Jura_thermalNew,ILHT_Jura,na,gas_boiler,400,inf,,,,,,,
ILHT_Jura_CHPNew,ILHT_Jura,CH00,CCGTCCS,400,inf,True,,0.61,True,,,
ILHT_Jura_HPNew,ILHT_Jura,CH00,heat_pump,400,inf,True,1.5,,,,,
ILHT_Jura_resistiveNew,ILHT_Jura,CH00,resistive_heater,400,inf,True,0.99,,,,,
ILHT_Jura_TTES_medium,ILHT_Jura,na,TTES_medium,15000,15000.0,,,,,0.285,0.922,0.922
ILHT_Voralpen_thermalNew,ILHT_Voralpen,na,gas_boiler,400,inf,,,,,,,
ILHT_Voralpen_CHPNew,ILHT_Voralpen,CH00,CCGTCCS,400,inf,True,,0.61,True,,,
ILHT_Voralpen_HPNew,ILHT_Voralpen,CH00,heat_pump,400,inf,True,1.5,,,,,
ILHT_Voralpen_resistiveNew,ILHT_Voralpen,CH00,resistive_heater,400,inf,True,0.99,,,,,
ILHT_Voralpen_TTES_medium,ILHT_Voralpen,na,TTES_medium,15000,15000.0,,,,,0.285,0.922,0.922
ILHT_Alpensuedseite_thermalNew,ILHT_Alpensuedseite,na,gas_boiler,400,inf,,,,,,,
ILHT_Alpensuedseite_CHPNew,ILHT_Alpensuedseite,CH00,CCGTCCS,400,inf,True,,0.61,True,,,
ILHT_Alpensuedseite_HPNew,ILHT_Alpensuedseite,CH00,heat_pump,400,inf,True,1.5,,,,,
ILHT_Alpensuedseite_resistiveNew,ILHT_Alpensuedseite,CH00,resistive_heater,400,inf,True,0.99,,,,,
ILHT_Alpensuedseite_TTES_medium,ILHT_Alpensuedseite,na,TTES_medium,15000,15000.0,,,,,0.285,0.922,0.922
DH_medium_thermalNew,DH_medium,na,gas_boiler,400,inf,,,,,,,
DH_medium_CHPNew,DH_medium,CH00,CCGTCCS,400,inf,True,,0.61,True,,,
DH_medium_HPNew,DH_medium,CH00,heat_pump,400,inf,True,4.26,,,,,
DH_medium_resistiveNew,DH_medium,CH00,resistive_heater,400,inf,True,0.99,,,,,
DH_medium_TTES_medium,DH_medium,na,TTES_medium,15000,15000.0,,,,,0.285,0.922,0.922
DH_medium_PTES_large,DH_medium,na,PTES_large,60000,600000.0,,,,,0.175,0.922,0.922
