"area","technology","variable","value"
"AL00","reservoir","pumping_cap_MW",0
"AL00","pumped_open","pumping_cap_MW",0
"AL00","pumped_closed","pumping_cap_MW",0
"AL00","reservoir","gen_cap_MW",2092.944
"AL00","pumped_open","gen_cap_MW",0
"AL00","pumped_closed","gen_cap_MW",0
"AL00","reservoir","sto_GWh",1450
"AL00","pumped_open","sto_GWh",0
"AL00","pumped_closed","sto_GWh",0
"AT00","reservoir","pumping_cap_MW",0
"AT00","pumped_open","pumping_cap_MW",-5205.65
"AT00","pumped_closed","pumping_cap_MW",-300
"AT00","reservoir","gen_cap_MW",2488.9539999999997
"AT00","pumped_open","gen_cap_MW",6043.280000000001
"AT00","pumped_closed","gen_cap_MW",300
"AT00","reservoir","sto_GWh",757.0302
"AT00","pumped_open","sto_GWh",1732.627
"AT00","pumped_closed","sto_GWh",1.8
"BA00","reservoir","pumping_cap_MW",0
"BA00","pumped_open","pumping_cap_MW",-440
"BA00","pumped_closed","pumping_cap_MW",0
"BA00","reservoir","gen_cap_MW",1615.9
"BA00","pumped_open","gen_cap_MW",440
"BA00","pumped_closed","gen_cap_MW",0
"BA00","reservoir","sto_GWh",1711.51
"BA00","pumped_open","sto_GWh",3.4
"BA00","pumped_closed","sto_GWh",0
"BE00","reservoir","pumping_cap_MW",0
"BE00","pumped_open","pumping_cap_MW",0
"BE00","pumped_closed","pumping_cap_MW",-1150
"BE00","reservoir","gen_cap_MW",0
"BE00","pumped_open","gen_cap_MW",0
"BE00","pumped_closed","gen_cap_MW",1224
"BE00","reservoir","sto_GWh",0
"BE00","pumped_open","sto_GWh",0
"BE00","pumped_closed","sto_GWh",5.3
"BG00","reservoir","pumping_cap_MW",0
"BG00","pumped_open","pumping_cap_MW",-148
"BG00","pumped_closed","pumping_cap_MW",-784
"BG00","reservoir","gen_cap_MW",1281.3
"BG00","pumped_open","gen_cap_MW",535
"BG00","pumped_closed","gen_cap_MW",864
"BG00","reservoir","sto_GWh",843
"BG00","pumped_open","sto_GWh",255.3
"BG00","pumped_closed","sto_GWh",9.4
"CH00","reservoir","pumping_cap_MW",0
"CH00","pumped_open","pumping_cap_MW",-2054
"CH00","pumped_closed","pumping_cap_MW",-1900
"CH00","reservoir","gen_cap_MW",0
"CH00","pumped_open","gen_cap_MW",10732
"CH00","pumped_closed","gen_cap_MW",1900
"CH00","reservoir","sto_GWh",0
"CH00","pumped_open","sto_GWh",8800
"CH00","pumped_closed","sto_GWh",70
"CZ00","reservoir","pumping_cap_MW",0
"CZ00","pumped_open","pumping_cap_MW",-438
"CZ00","pumped_closed","pumping_cap_MW",-664
"CZ00","reservoir","gen_cap_MW",697.7199999999999
"CZ00","pumped_open","gen_cap_MW",470.4
"CZ00","pumped_closed","gen_cap_MW",688.05
"CZ00","reservoir","sto_GWh",2.5
"CZ00","pumped_open","sto_GWh",2.3
"CZ00","pumped_closed","sto_GWh",3.7
"DE00","reservoir","pumping_cap_MW",0
"DE00","pumped_open","pumping_cap_MW",-1361
"DE00","pumped_closed","pumping_cap_MW",-7417.6
"DE00","reservoir","gen_cap_MW",1297
"DE00","pumped_open","gen_cap_MW",1644.1
"DE00","pumped_closed","gen_cap_MW",7381.64
"DE00","reservoir","sto_GWh",258.58
"DE00","pumped_open","sto_GWh",416.67
"DE00","pumped_closed","sto_GWh",242.17
"ES00","reservoir","pumping_cap_MW",0
"ES00","pumped_open","pumping_cap_MW",-2424.005632965166
"ES00","pumped_closed","pumping_cap_MW",-6676.03
"ES00","reservoir","gen_cap_MW",10972.199
"ES00","pumped_open","gen_cap_MW",2683.32
"ES00","pumped_closed","gen_cap_MW",6866.4
"ES00","reservoir","sto_GWh",11648.51
"ES00","pumped_open","sto_GWh",5961.86
"ES00","pumped_closed","sto_GWh",99.04
"FI00","reservoir","pumping_cap_MW",0
"FI00","pumped_open","pumping_cap_MW",0
"FI00","pumped_closed","pumping_cap_MW",0
"FI00","reservoir","gen_cap_MW",3236.61
"FI00","pumped_open","gen_cap_MW",0
"FI00","pumped_closed","gen_cap_MW",0
"FI00","reservoir","sto_GWh",5530
"FI00","pumped_open","sto_GWh",0
"FI00","pumped_closed","sto_GWh",0
"FR00","reservoir","pumping_cap_MW",0
"FR00","pumped_open","pumping_cap_MW",-1850
"FR00","pumped_closed","pumping_cap_MW",-1950
"FR00","reservoir","gen_cap_MW",8785.365853658537
"FR00","pumped_open","gen_cap_MW",1850
"FR00","pumped_closed","gen_cap_MW",1950
"FR00","reservoir","sto_GWh",10000
"FR00","pumped_open","sto_GWh",90.00000000000001
"FR00","pumped_closed","sto_GWh",10
"GR00","reservoir","pumping_cap_MW",0
"GR00","pumped_open","pumping_cap_MW",-735
"GR00","pumped_closed","pumping_cap_MW",-710
"GR00","reservoir","gen_cap_MW",2743.7
"GR00","pumped_open","gen_cap_MW",699
"GR00","pumped_closed","gen_cap_MW",680
"GR00","reservoir","sto_GWh",3600
"GR00","pumped_open","sto_GWh",4.5
"GR00","pumped_closed","sto_GWh",0
"HR00","reservoir","pumping_cap_MW",0
"HR00","pumped_open","pumping_cap_MW",-246.9
"HR00","pumped_closed","pumping_cap_MW",0
"HR00","reservoir","gen_cap_MW",1941.29
"HR00","pumped_open","gen_cap_MW",281.4
"HR00","pumped_closed","gen_cap_MW",0
"HR00","reservoir","sto_GWh",2045.9
"HR00","pumped_open","sto_GWh",18.3
"HR00","pumped_closed","sto_GWh",0
"HU00","reservoir","pumping_cap_MW",0
"HU00","pumped_open","pumping_cap_MW",0
"HU00","pumped_closed","pumping_cap_MW",0
"HU00","reservoir","gen_cap_MW",0
"HU00","pumped_open","gen_cap_MW",0
"HU00","pumped_closed","gen_cap_MW",0
"HU00","reservoir","sto_GWh",0
"HU00","pumped_open","sto_GWh",0
"HU00","pumped_closed","sto_GWh",0
"IE00","reservoir","pumping_cap_MW",0
"IE00","pumped_open","pumping_cap_MW",0
"IE00","pumped_closed","pumping_cap_MW",-292
"IE00","reservoir","gen_cap_MW",0
"IE00","pumped_open","gen_cap_MW",0
"IE00","pumped_closed","gen_cap_MW",292
"IE00","reservoir","sto_GWh",0
"IE00","pumped_open","sto_GWh",0
"IE00","pumped_closed","sto_GWh",1.72
"ITCA","reservoir","pumping_cap_MW",0
"ITCA","pumped_open","pumping_cap_MW",0
"ITCA","pumped_closed","pumping_cap_MW",-1250
"ITCA","reservoir","gen_cap_MW",686.4
"ITCA","pumped_open","gen_cap_MW",0
"ITCA","pumped_closed","gen_cap_MW",1250
"ITCA","reservoir","sto_GWh",572.38
"ITCA","pumped_open","sto_GWh",0
"ITCA","pumped_closed","sto_GWh",10
"ITCN","reservoir","pumping_cap_MW",0
"ITCN","pumped_open","pumping_cap_MW",0
"ITCN","pumped_closed","pumping_cap_MW",0
"ITCN","reservoir","gen_cap_MW",341.4
"ITCN","pumped_open","gen_cap_MW",0
"ITCN","pumped_closed","gen_cap_MW",0
"ITCN","reservoir","sto_GWh",186.97
"ITCN","pumped_open","sto_GWh",0
"ITCN","pumped_closed","sto_GWh",0
"ITCS","reservoir","pumping_cap_MW",0
"ITCS","pumped_open","pumping_cap_MW",-333
"ITCS","pumped_closed","pumping_cap_MW",-2185
"ITCS","reservoir","gen_cap_MW",1094.5289764705883
"ITCS","pumped_open","gen_cap_MW",742
"ITCS","pumped_closed","gen_cap_MW",2205
"ITCS","reservoir","sto_GWh",803.36
"ITCS","pumped_open","sto_GWh",94.99
"ITCS","pumped_closed","sto_GWh",13.9
"ITN1","reservoir","pumping_cap_MW",0
"ITN1","pumped_open","pumping_cap_MW",-1706
"ITN1","pumped_closed","pumping_cap_MW",-2502
"ITN1","reservoir","gen_cap_MW",7122.1
"ITN1","pumped_open","gen_cap_MW",2512
"ITN1","pumped_closed","gen_cap_MW",2505
"ITN1","reservoir","sto_GWh",3707
"ITN1","pumped_open","sto_GWh",194
"ITN1","pumped_closed","sto_GWh",31.3
"ITS1","reservoir","pumping_cap_MW",0
"ITS1","pumped_open","pumping_cap_MW",0
"ITS1","pumped_closed","pumping_cap_MW",0
"ITS1","reservoir","gen_cap_MW",189.52
"ITS1","pumped_open","gen_cap_MW",0
"ITS1","pumped_closed","gen_cap_MW",0
"ITS1","reservoir","sto_GWh",153.79
"ITS1","pumped_open","sto_GWh",0
"ITS1","pumped_closed","sto_GWh",0
"ITSA","reservoir","pumping_cap_MW",0
"ITSA","pumped_open","pumping_cap_MW",0
"ITSA","pumped_closed","pumping_cap_MW",-242
"ITSA","reservoir","gen_cap_MW",141.8
"ITSA","pumped_open","gen_cap_MW",0
"ITSA","pumped_closed","gen_cap_MW",240
"ITSA","reservoir","sto_GWh",144.35
"ITSA","pumped_open","sto_GWh",0
"ITSA","pumped_closed","sto_GWh",7.8
"ITSI","reservoir","pumping_cap_MW",0
"ITSI","pumped_open","pumping_cap_MW",-58
"ITSI","pumped_closed","pumping_cap_MW",-1187
"ITSI","reservoir","gen_cap_MW",73.1
"ITSI","pumped_open","gen_cap_MW",80
"ITSI","pumped_closed","gen_cap_MW",1100
"ITSI","reservoir","sto_GWh",81.25
"ITSI","pumped_open","sto_GWh",20.39
"ITSI","pumped_closed","sto_GWh",7.4
"LT00","reservoir","pumping_cap_MW",0
"LT00","pumped_open","pumping_cap_MW",0
"LT00","pumped_closed","pumping_cap_MW",-900
"LT00","reservoir","gen_cap_MW",0
"LT00","pumped_open","gen_cap_MW",0
"LT00","pumped_closed","gen_cap_MW",930
"LT00","reservoir","sto_GWh",0
"LT00","pumped_open","sto_GWh",0
"LT00","pumped_closed","sto_GWh",10.6
"LUG1","reservoir","pumping_cap_MW",0
"LUG1","pumped_open","pumping_cap_MW",0
"LUG1","pumped_closed","pumping_cap_MW",0
"LUG1","reservoir","gen_cap_MW",0
"LUG1","pumped_open","gen_cap_MW",0
"LUG1","pumped_closed","gen_cap_MW",0
"LUG1","reservoir","sto_GWh",0
"LUG1","pumped_open","sto_GWh",0
"LUG1","pumped_closed","sto_GWh",0
"LUV1","reservoir","pumping_cap_MW",0
"LUV1","pumped_open","pumping_cap_MW",0
"LUV1","pumped_closed","pumping_cap_MW",-1026
"LUV1","reservoir","gen_cap_MW",0
"LUV1","pumped_open","gen_cap_MW",0
"LUV1","pumped_closed","gen_cap_MW",1310
"LUV1","reservoir","sto_GWh",0
"LUV1","pumped_open","sto_GWh",0
"LUV1","pumped_closed","sto_GWh",5
"LV00","reservoir","pumping_cap_MW",0
"LV00","pumped_open","pumping_cap_MW",0
"LV00","pumped_closed","pumping_cap_MW",0
"LV00","reservoir","gen_cap_MW",0
"LV00","pumped_open","gen_cap_MW",0
"LV00","pumped_closed","gen_cap_MW",0
"LV00","reservoir","sto_GWh",0
"LV00","pumped_open","sto_GWh",0
"LV00","pumped_closed","sto_GWh",0
"ME00","reservoir","pumping_cap_MW",0
"ME00","pumped_open","pumping_cap_MW",0
"ME00","pumped_closed","pumping_cap_MW",0
"ME00","reservoir","gen_cap_MW",1058.4
"ME00","pumped_open","gen_cap_MW",0
"ME00","pumped_closed","gen_cap_MW",0
"ME00","reservoir","sto_GWh",582.4000000000001
"ME00","pumped_open","sto_GWh",0
"ME00","pumped_closed","sto_GWh",0
"MK00","reservoir","pumping_cap_MW",0
"MK00","pumped_open","pumping_cap_MW",0
"MK00","pumped_closed","pumping_cap_MW",0
"MK00","reservoir","gen_cap_MW",670.6
"MK00","pumped_open","gen_cap_MW",0
"MK00","pumped_closed","gen_cap_MW",0
"MK00","reservoir","sto_GWh",628.2
"MK00","pumped_open","sto_GWh",0
"MK00","pumped_closed","sto_GWh",0
"NL00","reservoir","pumping_cap_MW",0
"NL00","pumped_open","pumping_cap_MW",0
"NL00","pumped_closed","pumping_cap_MW",0
"NL00","reservoir","gen_cap_MW",0
"NL00","pumped_open","gen_cap_MW",0
"NL00","pumped_closed","gen_cap_MW",0
"NL00","reservoir","sto_GWh",0
"NL00","pumped_open","sto_GWh",0
"NL00","pumped_closed","sto_GWh",0
"NOM1","reservoir","pumping_cap_MW",0
"NOM1","pumped_open","pumping_cap_MW",-75.8
"NOM1","pumped_closed","pumping_cap_MW",0
"NOM1","reservoir","gen_cap_MW",0
"NOM1","pumped_open","gen_cap_MW",6003
"NOM1","pumped_closed","gen_cap_MW",0
"NOM1","reservoir","sto_GWh",0
"NOM1","pumped_open","sto_GWh",8659.7
"NOM1","pumped_closed","sto_GWh",0
"NON1","reservoir","pumping_cap_MW",0
"NON1","pumped_open","pumping_cap_MW",-2
"NON1","pumped_closed","pumping_cap_MW",0
"NON1","reservoir","gen_cap_MW",0
"NON1","pumped_open","gen_cap_MW",6693
"NON1","pumped_closed","gen_cap_MW",0
"NON1","reservoir","sto_GWh",0
"NON1","pumped_open","sto_GWh",23092.4
"NON1","pumped_closed","sto_GWh",0
"NOS0","reservoir","pumping_cap_MW",0
"NOS0","pumped_open","pumping_cap_MW",-1015.6
"NOS0","pumped_closed","pumping_cap_MW",0
"NOS0","reservoir","gen_cap_MW",0
"NOS0","pumped_open","gen_cap_MW",25352
"NOS0","pumped_closed","gen_cap_MW",0
"NOS0","reservoir","sto_GWh",0
"NOS0","pumped_open","sto_GWh",57825.3
"NOS0","pumped_closed","sto_GWh",0
"PL00","reservoir","pumping_cap_MW",0
"PL00","pumped_open","pumping_cap_MW",-172
"PL00","pumped_closed","pumping_cap_MW",-1486
"PL00","reservoir","gen_cap_MW",271.48
"PL00","pumped_open","gen_cap_MW",216.26
"PL00","pumped_closed","gen_cap_MW",1323.1
"PL00","reservoir","sto_GWh",0.82
"PL00","pumped_open","sto_GWh",1.5
"PL00","pumped_closed","sto_GWh",6.34
"PT00","reservoir","pumping_cap_MW",0
"PT00","pumped_open","pumping_cap_MW",-3579
"PT00","pumped_closed","pumping_cap_MW",0
"PT00","reservoir","gen_cap_MW",3765.5
"PT00","pumped_open","gen_cap_MW",3832
"PT00","pumped_closed","gen_cap_MW",0
"PT00","reservoir","sto_GWh",1289.5999999999997
"PT00","pumped_open","sto_GWh",2017.9
"PT00","pumped_closed","sto_GWh",0
"RO00","reservoir","pumping_cap_MW",0
"RO00","pumped_open","pumping_cap_MW",-102.7
"RO00","pumped_closed","pumping_cap_MW",0
"RO00","reservoir","gen_cap_MW",2579.2380000000003
"RO00","pumped_open","gen_cap_MW",838.7439999999999
"RO00","pumped_closed","gen_cap_MW",0
"RO00","reservoir","sto_GWh",2425.31
"RO00","pumped_open","sto_GWh",1506.4
"RO00","pumped_closed","sto_GWh",0
"RS00","reservoir","pumping_cap_MW",0
"RS00","pumped_open","pumping_cap_MW",0
"RS00","pumped_closed","pumping_cap_MW",-760
"RS00","reservoir","gen_cap_MW",434.27
"RS00","pumped_open","gen_cap_MW",0
"RS00","pumped_closed","gen_cap_MW",814
"RS00","reservoir","sto_GWh",646
"RS00","pumped_open","sto_GWh",0
"RS00","pumped_closed","sto_GWh",254
"SE01","reservoir","pumping_cap_MW",0
"SE01","pumped_open","pumping_cap_MW",0
"SE01","pumped_closed","pumping_cap_MW",0
"SE01","reservoir","gen_cap_MW",5444
"SE01","pumped_open","gen_cap_MW",0
"SE01","pumped_closed","gen_cap_MW",0
"SE01","reservoir","sto_GWh",14426.307
"SE01","pumped_open","sto_GWh",0
"SE01","pumped_closed","sto_GWh",0
"SE02","reservoir","pumping_cap_MW",0
"SE02","pumped_open","pumping_cap_MW",0
"SE02","pumped_closed","pumping_cap_MW",0
"SE02","reservoir","gen_cap_MW",8075.1
"SE02","pumped_open","gen_cap_MW",0
"SE02","pumped_closed","gen_cap_MW",0
"SE02","reservoir","sto_GWh",14798.5989
"SE02","pumped_open","sto_GWh",0
"SE02","pumped_closed","sto_GWh",0
"SE03","reservoir","pumping_cap_MW",0
"SE03","pumped_open","pumping_cap_MW",0
"SE03","pumped_closed","pumping_cap_MW",0
"SE03","reservoir","gen_cap_MW",2583
"SE03","pumped_open","gen_cap_MW",0
"SE03","pumped_closed","gen_cap_MW",0
"SE03","reservoir","sto_GWh",2635.077
"SE03","pumped_open","sto_GWh",0
"SE03","pumped_closed","sto_GWh",0
"SE04","reservoir","pumping_cap_MW",0
"SE04","pumped_open","pumping_cap_MW",0
"SE04","pumped_closed","pumping_cap_MW",0
"SE04","reservoir","gen_cap_MW",345
"SE04","pumped_open","gen_cap_MW",0
"SE04","pumped_closed","gen_cap_MW",0
"SE04","reservoir","sto_GWh",71.35
"SE04","pumped_open","sto_GWh",0
"SE04","pumped_closed","sto_GWh",0
"SI00","reservoir","pumping_cap_MW",0
"SI00","pumped_open","pumping_cap_MW",0
"SI00","pumped_closed","pumping_cap_MW",-185
"SI00","reservoir","gen_cap_MW",0
"SI00","pumped_open","gen_cap_MW",0
"SI00","pumped_closed","gen_cap_MW",180
"SI00","reservoir","sto_GWh",0
"SI00","pumped_open","sto_GWh",0
"SI00","pumped_closed","sto_GWh",2.596
"SK00","reservoir","pumping_cap_MW",0
"SK00","pumped_open","pumping_cap_MW",-178.28
"SK00","pumped_closed","pumping_cap_MW",-649.86
"SK00","reservoir","gen_cap_MW",21.28
"SK00","pumped_open","gen_cap_MW",276.2
"SK00","pumped_closed","gen_cap_MW",649.86
"SK00","reservoir","sto_GWh",17.2415450625
"SK00","pumped_open","sto_GWh",45.55
"SK00","pumped_closed","sto_GWh",4.1
"TR00","reservoir","pumping_cap_MW",0
"TR00","pumped_open","pumping_cap_MW",0
"TR00","pumped_closed","pumping_cap_MW",0
"TR00","reservoir","gen_cap_MW",29239.66
"TR00","pumped_open","gen_cap_MW",0
"TR00","pumped_closed","gen_cap_MW",0
"TR00","reservoir","sto_GWh",102338.8085720385
"TR00","pumped_open","sto_GWh",0
"TR00","pumped_closed","sto_GWh",0
"UA01","reservoir","pumping_cap_MW",0
"UA01","pumped_open","pumping_cap_MW",0
"UA01","pumped_closed","pumping_cap_MW",0
"UA01","reservoir","gen_cap_MW",55
"UA01","pumped_open","gen_cap_MW",0
"UA01","pumped_closed","gen_cap_MW",0
"UA01","reservoir","sto_GWh",0.051
"UA01","pumped_open","sto_GWh",0
"UA01","pumped_closed","sto_GWh",0
"UK00","reservoir","pumping_cap_MW",0
"UK00","pumped_open","pumping_cap_MW",0
"UK00","pumped_closed","pumping_cap_MW",-2684
"UK00","reservoir","gen_cap_MW",0
"UK00","pumped_open","gen_cap_MW",0
"UK00","pumped_closed","gen_cap_MW",2954
"UK00","reservoir","sto_GWh",0
"UK00","pumped_open","sto_GWh",0
"UK00","pumped_closed","sto_GWh",26.38
