,Season,Type of Day,Hour,2030,2040,2050
# of occurences of this typical day in the year,ANNUAL AVERAGE,-,-,85,95,75
13,Autumn,Saturday,1,96,134,113
13,Autumn,Saturday,2,93,129,106
13,Autumn,Saturday,3,91,126,105
13,Autumn,Saturday,4,89,123,104
13,Autumn,Saturday,5,88,122,98
13,Autumn,Saturday,6,89,122,100
13,Autumn,Saturday,7,89,120,98
13,Autumn,Saturday,8,86,111,92
13,Autumn,Saturday,9,82,99,83
13,Autumn,Saturday,10,74,81,67
13,Autumn,Saturday,11,68,70,55
13,Autumn,Saturday,12,64,65,50
13,Autumn,Saturday,13,64,66,52
13,Autumn,Saturday,14,69,74,61
13,Autumn,Saturday,15,80,93,74
13,Autumn,Saturday,16,90,116,90
13,Autumn,Saturday,17,96,132,105
13,Autumn,Saturday,18,99,142,115
13,Autumn,Saturday,19,100,145,116
13,Autumn,Saturday,20,101,145,117
13,Autumn,Saturday,21,100,142,115
13,Autumn,Saturday,22,99,138,110
13,Autumn,Saturday,23,98,137,109
13,Autumn,Saturday,24,95,134,108
14.5,Autumn,Sunday,1,90,130,104
14.5,Autumn,Sunday,2,83,123,100
14.5,Autumn,Sunday,3,81,117,98
14.5,Autumn,Sunday,4,78,113,95
14.5,Autumn,Sunday,5,77,111,92
14.5,Autumn,Sunday,6,76,109,91
14.5,Autumn,Sunday,7,69,95,77
14.5,Autumn,Sunday,8,65,85,71
14.5,Autumn,Sunday,9,58,70,58
14.5,Autumn,Sunday,10,51,56,46
14.5,Autumn,Sunday,11,46,48,38
14.5,Autumn,Sunday,12,45,47,36
14.5,Autumn,Sunday,13,48,50,41
14.5,Autumn,Sunday,14,54,57,45
14.5,Autumn,Sunday,15,66,79,65
14.5,Autumn,Sunday,16,74,98,78
14.5,Autumn,Sunday,17,88,117,91
14.5,Autumn,Sunday,18,95,134,105
14.5,Autumn,Sunday,19,99,139,110
14.5,Autumn,Sunday,20,100,140,112
14.5,Autumn,Sunday,21,99,140,110
14.5,Autumn,Sunday,22,98,138,109
14.5,Autumn,Sunday,23,98,137,108
14.5,Autumn,Sunday,24,96,135,107
63.5,Autumn,Working Day,1,101,145,118
63.5,Autumn,Working Day,2,98,139,111
63.5,Autumn,Working Day,3,96,136,115
63.5,Autumn,Working Day,4,95,135,110
63.5,Autumn,Working Day,5,96,135,113
63.5,Autumn,Working Day,6,99,139,115
63.5,Autumn,Working Day,7,103,148,117
63.5,Autumn,Working Day,8,105,151,119
63.5,Autumn,Working Day,9,103,143,111
63.5,Autumn,Working Day,10,98,128,100
63.5,Autumn,Working Day,11,94,115,94
63.5,Autumn,Working Day,12,91,107,87
63.5,Autumn,Working Day,13,91,109,86
63.5,Autumn,Working Day,14,95,121,97
63.5,Autumn,Working Day,15,99,137,104
63.5,Autumn,Working Day,16,103,159,123
63.5,Autumn,Working Day,17,106,187,144
63.5,Autumn,Working Day,18,109,204,159
63.5,Autumn,Working Day,19,109,211,167
63.5,Autumn,Working Day,20,109,212,167
63.5,Autumn,Working Day,21,108,204,159
63.5,Autumn,Working Day,22,106,187,146
63.5,Autumn,Working Day,23,105,179,141
63.5,Autumn,Working Day,24,104,167,137
13,Spring,Saturday,1,85,71,39
13,Spring,Saturday,2,83,69,38
13,Spring,Saturday,3,80,67,37
13,Spring,Saturday,4,78,65,34
13,Spring,Saturday,5,76,64,33
13,Spring,Saturday,6,72,60,32
13,Spring,Saturday,7,66,47,27
13,Spring,Saturday,8,61,38,20
13,Spring,Saturday,9,55,30,16
13,Spring,Saturday,10,48,25,15
13,Spring,Saturday,11,43,22,12
13,Spring,Saturday,12,40,21,12
13,Spring,Saturday,13,41,21,11
13,Spring,Saturday,14,47,24,13
13,Spring,Saturday,15,56,33,17
13,Spring,Saturday,16,64,43,23
13,Spring,Saturday,17,74,59,32
13,Spring,Saturday,18,79,66,34
13,Spring,Saturday,19,81,68,36
13,Spring,Saturday,20,82,69,36
13,Spring,Saturday,21,81,69,36
13,Spring,Saturday,22,81,68,35
13,Spring,Saturday,23,81,68,35
13,Spring,Saturday,24,80,67,37
14.5,Spring,Sunday,1,79,66,34
14.5,Spring,Sunday,2,75,63,35
14.5,Spring,Sunday,3,72,62,34
14.5,Spring,Sunday,4,70,60,32
14.5,Spring,Sunday,5,67,58,31
14.5,Spring,Sunday,6,55,49,26
14.5,Spring,Sunday,7,43,33,17
14.5,Spring,Sunday,8,39,27,14
14.5,Spring,Sunday,9,35,22,11
14.5,Spring,Sunday,10,32,20,11
14.5,Spring,Sunday,11,31,18,9
14.5,Spring,Sunday,12,31,19,9
14.5,Spring,Sunday,13,32,19,10
14.5,Spring,Sunday,14,35,21,11
14.5,Spring,Sunday,15,40,26,14
14.5,Spring,Sunday,16,45,33,17
14.5,Spring,Sunday,17,64,51,26
14.5,Spring,Sunday,18,74,62,32
14.5,Spring,Sunday,19,82,68,36
14.5,Spring,Sunday,20,83,70,36
14.5,Spring,Sunday,21,84,70,36
14.5,Spring,Sunday,22,83,70,36
14.5,Spring,Sunday,23,83,69,36
14.5,Spring,Sunday,24,81,68,36
63.5,Spring,Working Day,1,87,74,40
63.5,Spring,Working Day,2,85,72,39
63.5,Spring,Working Day,3,83,70,38
63.5,Spring,Working Day,4,82,69,38
63.5,Spring,Working Day,5,83,69,37
63.5,Spring,Working Day,6,84,70,38
63.5,Spring,Working Day,7,86,70,40
63.5,Spring,Working Day,8,85,66,36
63.5,Spring,Working Day,9,82,59,31
63.5,Spring,Working Day,10,77,50,30
63.5,Spring,Working Day,11,72,44,28
63.5,Spring,Working Day,12,69,41,25
63.5,Spring,Working Day,13,70,42,26
63.5,Spring,Working Day,14,75,50,27
63.5,Spring,Working Day,15,81,60,29
63.5,Spring,Working Day,16,85,69,38
63.5,Spring,Working Day,17,89,80,42
63.5,Spring,Working Day,18,93,86,46
63.5,Spring,Working Day,19,94,91,47
63.5,Spring,Working Day,20,94,93,49
63.5,Spring,Working Day,21,94,90,49
63.5,Spring,Working Day,22,93,88,47
63.5,Spring,Working Day,23,92,86,47
63.5,Spring,Working Day,24,91,81,43
13,Summer,Saturday,1,80,52,21
13,Summer,Saturday,2,78,49,19
13,Summer,Saturday,3,76,48,19
13,Summer,Saturday,4,75,47,18
13,Summer,Saturday,5,73,46,18
13,Summer,Saturday,6,68,40,16
13,Summer,Saturday,7,54,26,10
13,Summer,Saturday,8,50,21,9
13,Summer,Saturday,9,46,17,7
13,Summer,Saturday,10,42,15,6
13,Summer,Saturday,11,38,13,5
13,Summer,Saturday,12,35,12,5
13,Summer,Saturday,13,36,13,5
13,Summer,Saturday,14,43,15,6
13,Summer,Saturday,15,51,20,7
13,Summer,Saturday,16,57,26,10
13,Summer,Saturday,17,67,39,16
13,Summer,Saturday,18,75,46,18
13,Summer,Saturday,19,78,50,19
13,Summer,Saturday,20,78,50,20
13,Summer,Saturday,21,78,50,19
13,Summer,Saturday,22,77,49,19
13,Summer,Saturday,23,77,49,19
13,Summer,Saturday,24,77,49,19
14.5,Summer,Sunday,1,76,48,19
14.5,Summer,Sunday,2,74,47,18
14.5,Summer,Sunday,3,72,46,18
14.5,Summer,Sunday,4,70,44,18
14.5,Summer,Sunday,5,66,42,17
14.5,Summer,Sunday,6,47,31,12
14.5,Summer,Sunday,7,33,15,6
14.5,Summer,Sunday,8,29,12,4
14.5,Summer,Sunday,9,24,9,3
14.5,Summer,Sunday,10,21,9,3
14.5,Summer,Sunday,11,20,9,3
14.5,Summer,Sunday,12,22,9,3
14.5,Summer,Sunday,13,24,9,3
14.5,Summer,Sunday,14,29,11,4
14.5,Summer,Sunday,15,33,13,5
14.5,Summer,Sunday,16,45,21,8
14.5,Summer,Sunday,17,62,37,14
14.5,Summer,Sunday,18,73,45,17
14.5,Summer,Sunday,19,78,49,19
14.5,Summer,Sunday,20,78,50,19
14.5,Summer,Sunday,21,78,50,19
14.5,Summer,Sunday,22,79,50,19
14.5,Summer,Sunday,23,79,50,20
14.5,Summer,Sunday,24,78,49,19
63.5,Summer,Working Day,1,81,59,25
63.5,Summer,Working Day,2,79,51,21
63.5,Summer,Working Day,3,78,49,20
63.5,Summer,Working Day,4,77,48,20
63.5,Summer,Working Day,5,76,47,19
63.5,Summer,Working Day,6,76,46,20
63.5,Summer,Working Day,7,75,43,21
63.5,Summer,Working Day,8,72,40,20
63.5,Summer,Working Day,9,71,36,18
63.5,Summer,Working Day,10,67,31,15
63.5,Summer,Working Day,11,64,29,13
63.5,Summer,Working Day,12,63,27,12
63.5,Summer,Working Day,13,64,28,13
63.5,Summer,Working Day,14,68,34,17
63.5,Summer,Working Day,15,72,40,16
63.5,Summer,Working Day,16,76,46,19
63.5,Summer,Working Day,17,80,65,26
63.5,Summer,Working Day,18,84,77,30
63.5,Summer,Working Day,19,85,97,38
63.5,Summer,Working Day,20,85,100,39
63.5,Summer,Working Day,21,85,100,38
63.5,Summer,Working Day,22,85,87,33
63.5,Summer,Working Day,23,85,76,30
63.5,Summer,Working Day,24,84,74,30
13,Winter,Saturday,1,94,94,96
13,Winter,Saturday,2,89,89,94
13,Winter,Saturday,3,87,85,88
13,Winter,Saturday,4,85,83,87
13,Winter,Saturday,5,85,83,86
13,Winter,Saturday,6,85,83,87
13,Winter,Saturday,7,87,84,88
13,Winter,Saturday,8,87,84,88
13,Winter,Saturday,9,86,80,78
13,Winter,Saturday,10,83,74,72
13,Winter,Saturday,11,80,65,69
13,Winter,Saturday,12,78,61,62
13,Winter,Saturday,13,78,63,63
13,Winter,Saturday,14,81,72,73
13,Winter,Saturday,15,87,84,87
13,Winter,Saturday,16,93,92,96
13,Winter,Saturday,17,96,97,99
13,Winter,Saturday,18,99,102,102
13,Winter,Saturday,19,100,104,104
13,Winter,Saturday,20,99,104,103
13,Winter,Saturday,21,98,102,101
13,Winter,Saturday,22,97,99,98
13,Winter,Saturday,23,97,98,100
13,Winter,Saturday,24,95,96,103
15.5,Winter,Sunday,1,93,93,96
15.5,Winter,Sunday,2,89,88,92
15.5,Winter,Sunday,3,85,83,85
15.5,Winter,Sunday,4,82,80,80
15.5,Winter,Sunday,5,81,78,80
15.5,Winter,Sunday,6,82,78,82
15.5,Winter,Sunday,7,82,78,78
15.5,Winter,Sunday,8,81,76,77
15.5,Winter,Sunday,9,77,69,68
15.5,Winter,Sunday,10,75,63,64
15.5,Winter,Sunday,11,72,58,60
15.5,Winter,Sunday,12,70,56,56
15.5,Winter,Sunday,13,72,58,59
15.5,Winter,Sunday,14,75,65,66
15.5,Winter,Sunday,15,83,77,80
15.5,Winter,Sunday,16,90,87,86
15.5,Winter,Sunday,17,93,92,93
15.5,Winter,Sunday,18,97,98,99
15.5,Winter,Sunday,19,99,103,105
15.5,Winter,Sunday,20,100,103,105
15.5,Winter,Sunday,21,99,102,104
15.5,Winter,Sunday,22,98,100,101
15.5,Winter,Sunday,23,97,100,100
15.5,Winter,Sunday,24,96,98,99
63.5,Winter,Working Day,1,97,105,113
63.5,Winter,Working Day,2,95,100,104
63.5,Winter,Working Day,3,92,95,104
63.5,Winter,Working Day,4,90,92,100
63.5,Winter,Working Day,5,90,92,99
63.5,Winter,Working Day,6,94,98,101
63.5,Winter,Working Day,7,101,108,110
63.5,Winter,Working Day,8,105,119,127
63.5,Winter,Working Day,9,106,118,120
63.5,Winter,Working Day,10,104,110,109
63.5,Winter,Working Day,11,101,101,111
63.5,Winter,Working Day,12,99,97,125
63.5,Winter,Working Day,13,98,97,106
63.5,Winter,Working Day,14,101,104,102
63.5,Winter,Working Day,15,104,125,132
63.5,Winter,Working Day,16,106,161,173
63.5,Winter,Working Day,17,108,168,172
63.5,Winter,Working Day,18,110,323,332
63.5,Winter,Working Day,19,111,419,418
63.5,Winter,Working Day,20,110,344,348
63.5,Winter,Working Day,21,108,174,181
63.5,Winter,Working Day,22,106,162,171
63.5,Winter,Working Day,23,104,155,162
63.5,Winter,Working Day,24,102,126,134
