,Season,Type of Day,Hour,Austria,Germany,France,Italy
# of occurences of this typical day in the year,ANNUAL AVERAGE,-,-,62,72,43,105
13,Autumn,Saturday,1,89,114,85,155
13,Autumn,Saturday,2,87,99,81,148
13,Autumn,Saturday,3,87,100,74,148
13,Autumn,Saturday,4,87,102,66,152
13,Autumn,Saturday,5,86,96,67,136
13,Autumn,Saturday,6,84,95,71,142
13,Autumn,Saturday,7,79,95,70,140
13,Autumn,Saturday,8,92,84,62,122
13,Autumn,Saturday,9,88,82,59,97
13,Autumn,Saturday,10,79,68,40,74
13,Autumn,Saturday,11,74,65,30,46
13,Autumn,Saturday,12,79,55,24,39
13,Autumn,Saturday,13,71,65,26,40
13,Autumn,Saturday,14,78,64,26,69
13,Autumn,Saturday,15,84,75,37,92
13,Autumn,Saturday,16,90,92,52,118
13,Autumn,Saturday,17,99,107,68,138
13,Autumn,Saturday,18,101,112,95,143
13,Autumn,Saturday,19,102,106,101,146
13,Autumn,Saturday,20,102,107,102,146
13,Autumn,Saturday,21,100,111,96,143
13,Autumn,Saturday,22,101,107,87,137
13,Autumn,Saturday,23,99,105,86,136
13,Autumn,Saturday,24,86,95,87,154
14.5,Autumn,Sunday,1,89,92,89,136
14.5,Autumn,Sunday,2,86,87,83,136
14.5,Autumn,Sunday,3,84,88,73,138
14.5,Autumn,Sunday,4,82,85,67,137
14.5,Autumn,Sunday,5,81,84,61,136
14.5,Autumn,Sunday,6,80,83,63,131
14.5,Autumn,Sunday,7,72,76,58,94
14.5,Autumn,Sunday,8,70,74,47,86
14.5,Autumn,Sunday,9,69,66,37,53
14.5,Autumn,Sunday,10,63,55,24,38
14.5,Autumn,Sunday,11,60,51,14,23
14.5,Autumn,Sunday,12,60,52,13,17
14.5,Autumn,Sunday,13,63,54,14,28
14.5,Autumn,Sunday,14,61,57,16,42
14.5,Autumn,Sunday,15,71,75,25,81
14.5,Autumn,Sunday,16,79,84,43,101
14.5,Autumn,Sunday,17,89,84,57,127
14.5,Autumn,Sunday,18,95,92,86,139
14.5,Autumn,Sunday,19,98,96,98,137
14.5,Autumn,Sunday,20,99,97,103,139
14.5,Autumn,Sunday,21,97,96,98,141
14.5,Autumn,Sunday,22,96,95,96,140
14.5,Autumn,Sunday,23,96,94,95,139
14.5,Autumn,Sunday,24,93,92,95,138
63.5,Autumn,Working Day,1,106,114,92,150
63.5,Autumn,Working Day,2,100,109,89,138
63.5,Autumn,Working Day,3,101,107,89,152
63.5,Autumn,Working Day,4,91,106,79,153
63.5,Autumn,Working Day,5,102,107,79,153
63.5,Autumn,Working Day,6,105,111,82,150
63.5,Autumn,Working Day,7,109,109,101,140
63.5,Autumn,Working Day,8,113,114,101,137
63.5,Autumn,Working Day,9,112,109,84,130
63.5,Autumn,Working Day,10,106,95,68,122
63.5,Autumn,Working Day,11,109,96,53,112
63.5,Autumn,Working Day,12,107,94,44,95
63.5,Autumn,Working Day,13,100,95,43,99
63.5,Autumn,Working Day,14,107,94,49,128
63.5,Autumn,Working Day,15,110,106,60,133
63.5,Autumn,Working Day,16,119,116,77,168
63.5,Autumn,Working Day,17,129,121,85,227
63.5,Autumn,Working Day,18,134,126,104,258
63.5,Autumn,Working Day,19,136,129,118,269
63.5,Autumn,Working Day,20,136,129,117,270
63.5,Autumn,Working Day,21,131,124,108,260
63.5,Autumn,Working Day,22,125,118,105,223
63.5,Autumn,Working Day,23,117,114,111,209
63.5,Autumn,Working Day,24,110,118,109,199
13,Spring,Saturday,1,31,42,26,54
13,Spring,Saturday,2,34,37,27,49
13,Spring,Saturday,3,33,35,24,53
13,Spring,Saturday,4,29,35,20,50
13,Spring,Saturday,5,29,35,19,47
13,Spring,Saturday,6,28,35,18,45
13,Spring,Saturday,7,27,31,16,31
13,Spring,Saturday,8,28,22,12,17
13,Spring,Saturday,9,25,20,7,12
13,Spring,Saturday,10,23,18,6,11
13,Spring,Saturday,11,22,16,4,7
13,Spring,Saturday,12,23,13,4,6
13,Spring,Saturday,13,21,16,4,4
13,Spring,Saturday,14,23,17,5,6
13,Spring,Saturday,15,27,21,6,12
13,Spring,Saturday,16,30,27,8,26
13,Spring,Saturday,17,32,32,11,51
13,Spring,Saturday,18,33,33,19,48
13,Spring,Saturday,19,34,32,25,49
13,Spring,Saturday,20,34,32,26,50
13,Spring,Saturday,21,34,31,26,49
13,Spring,Saturday,22,33,31,26,49
13,Spring,Saturday,23,33,31,26,48
13,Spring,Saturday,24,32,35,27,51
14.5,Spring,Sunday,1,31,30,25,48
14.5,Spring,Sunday,2,30,33,24,48
14.5,Spring,Sunday,3,30,33,22,48
14.5,Spring,Sunday,4,26,33,20,44
14.5,Spring,Sunday,5,28,32,18,42
14.5,Spring,Sunday,6,26,29,16,31
14.5,Spring,Sunday,7,20,20,12,14
14.5,Spring,Sunday,8,20,19,6,8
14.5,Spring,Sunday,9,18,16,5,4
14.5,Spring,Sunday,10,19,16,3,3
14.5,Spring,Sunday,11,18,13,2,2
14.5,Spring,Sunday,12,18,14,2,2
14.5,Spring,Sunday,13,18,15,3,3
14.5,Spring,Sunday,14,19,16,3,5
14.5,Spring,Sunday,15,20,19,4,10
14.5,Spring,Sunday,16,22,21,5,16
14.5,Spring,Sunday,17,29,27,9,36
14.5,Spring,Sunday,18,33,31,16,44
14.5,Spring,Sunday,19,35,33,24,47
14.5,Spring,Sunday,20,35,33,25,48
14.5,Spring,Sunday,21,35,34,25,48
14.5,Spring,Sunday,22,35,34,26,47
14.5,Spring,Sunday,23,35,33,27,46
14.5,Spring,Sunday,24,34,33,27,46
63.5,Spring,Working Day,1,32,43,28,56
63.5,Spring,Working Day,2,31,44,25,54
63.5,Spring,Working Day,3,30,46,20,53
63.5,Spring,Working Day,4,34,42,19,52
63.5,Spring,Working Day,5,30,42,22,52
63.5,Spring,Working Day,6,31,41,23,51
63.5,Spring,Working Day,7,35,45,22,54
63.5,Spring,Working Day,8,36,37,26,43
63.5,Spring,Working Day,9,34,34,18,34
63.5,Spring,Working Day,10,33,31,12,40
63.5,Spring,Working Day,11,33,32,7,38
63.5,Spring,Working Day,12,33,27,6,32
63.5,Spring,Working Day,13,33,27,6,34
63.5,Spring,Working Day,14,36,28,7,35
63.5,Spring,Working Day,15,36,31,14,35
63.5,Spring,Working Day,16,42,40,19,48
63.5,Spring,Working Day,17,42,45,22,56
63.5,Spring,Working Day,18,43,49,28,59
63.5,Spring,Working Day,19,44,43,36,62
63.5,Spring,Working Day,20,45,45,37,63
63.5,Spring,Working Day,21,44,50,35,62
63.5,Spring,Working Day,22,43,48,35,59
63.5,Spring,Working Day,23,42,48,35,57
63.5,Spring,Working Day,24,38,43,35,53
13,Summer,Saturday,1,18,18,17,29
13,Summer,Saturday,2,17,18,16,25
13,Summer,Saturday,3,16,18,15,25
13,Summer,Saturday,4,16,18,12,25
13,Summer,Saturday,5,15,17,12,26
13,Summer,Saturday,6,14,17,10,22
13,Summer,Saturday,7,12,13,3,12
13,Summer,Saturday,8,12,10,2,13
13,Summer,Saturday,9,12,8,1,7
13,Summer,Saturday,10,12,7,1,4
13,Summer,Saturday,11,12,4,1,2
13,Summer,Saturday,12,12,5,1,2
13,Summer,Saturday,13,11,6,1,2
13,Summer,Saturday,14,11,8,1,4
13,Summer,Saturday,15,12,10,2,6
13,Summer,Saturday,16,12,12,2,13
13,Summer,Saturday,17,16,15,4,25
13,Summer,Saturday,18,17,16,11,25
13,Summer,Saturday,19,18,17,16,26
13,Summer,Saturday,20,18,17,16,27
13,Summer,Saturday,21,18,16,16,27
13,Summer,Saturday,22,17,16,15,26
13,Summer,Saturday,23,17,16,16,25
13,Summer,Saturday,24,16,18,15,26
14.5,Summer,Sunday,1,17,16,15,25
14.5,Summer,Sunday,2,16,17,13,26
14.5,Summer,Sunday,3,16,17,12,27
14.5,Summer,Sunday,4,16,17,11,27
14.5,Summer,Sunday,5,15,16,10,24
14.5,Summer,Sunday,6,12,13,7,16
14.5,Summer,Sunday,7,8,8,2,4
14.5,Summer,Sunday,8,7,7,1,2
14.5,Summer,Sunday,9,7,6,0,1
14.5,Summer,Sunday,10,7,6,0,0
14.5,Summer,Sunday,11,7,5,0,0
14.5,Summer,Sunday,12,7,5,0,0
14.5,Summer,Sunday,13,7,6,0,0
14.5,Summer,Sunday,14,8,7,1,1
14.5,Summer,Sunday,15,8,8,1,2
14.5,Summer,Sunday,16,11,10,2,8
14.5,Summer,Sunday,17,16,14,4,21
14.5,Summer,Sunday,18,18,16,8,24
14.5,Summer,Sunday,19,18,17,14,26
14.5,Summer,Sunday,20,18,17,14,26
14.5,Summer,Sunday,21,18,17,14,26
14.5,Summer,Sunday,22,18,17,14,26
14.5,Summer,Sunday,23,18,17,16,26
14.5,Summer,Sunday,24,18,16,14,26
63.5,Summer,Working Day,1,18,24,14,41
63.5,Summer,Working Day,2,17,23,12,30
63.5,Summer,Working Day,3,17,23,10,29
63.5,Summer,Working Day,4,17,22,9,29
63.5,Summer,Working Day,5,17,22,9,28
63.5,Summer,Working Day,6,15,24,9,30
63.5,Summer,Working Day,7,15,21,7,40
63.5,Summer,Working Day,8,11,29,0,38
63.5,Summer,Working Day,9,10,28,1,33
63.5,Summer,Working Day,10,16,16,1,25
63.5,Summer,Working Day,11,17,11,0,21
63.5,Summer,Working Day,12,19,8,1,18
63.5,Summer,Working Day,13,20,8,3,20
63.5,Summer,Working Day,14,18,16,4,29
63.5,Summer,Working Day,15,19,16,6,23
63.5,Summer,Working Day,16,19,19,7,29
63.5,Summer,Working Day,17,22,18,9,51
63.5,Summer,Working Day,18,23,23,14,56
63.5,Summer,Working Day,19,25,21,19,83
63.5,Summer,Working Day,20,24,23,19,87
63.5,Summer,Working Day,21,23,23,16,87
63.5,Summer,Working Day,22,23,23,15,69
63.5,Summer,Working Day,23,23,22,18,54
63.5,Summer,Working Day,24,20,21,17,59
13,Winter,Saturday,1,72,108,59,137
13,Winter,Saturday,2,61,106,51,150
13,Winter,Saturday,3,57,97,47,145
13,Winter,Saturday,4,56,96,44,143
13,Winter,Saturday,5,56,95,43,142
13,Winter,Saturday,6,57,95,47,143
13,Winter,Saturday,7,57,101,48,138
13,Winter,Saturday,8,61,101,47,135
13,Winter,Saturday,9,66,95,58,86
13,Winter,Saturday,10,79,66,74,64
13,Winter,Saturday,11,76,64,53,75
13,Winter,Saturday,12,81,55,47,57
13,Winter,Saturday,13,90,56,53,48
13,Winter,Saturday,14,85,75,53,72
13,Winter,Saturday,15,75,99,44,123
13,Winter,Saturday,16,74,105,47,149
13,Winter,Saturday,17,72,116,56,142
13,Winter,Saturday,18,75,111,61,151
13,Winter,Saturday,19,75,112,64,154
13,Winter,Saturday,20,75,110,65,154
13,Winter,Saturday,21,73,109,63,152
13,Winter,Saturday,22,71,104,61,149
13,Winter,Saturday,23,70,114,61,147
13,Winter,Saturday,24,71,110,62,159
15.5,Winter,Sunday,1,65,108,60,143
15.5,Winter,Sunday,2,64,100,50,146
15.5,Winter,Sunday,3,62,95,45,129
15.5,Winter,Sunday,4,52,93,43,125
15.5,Winter,Sunday,5,56,91,42,124
15.5,Winter,Sunday,6,56,95,38,130
15.5,Winter,Sunday,7,56,84,49,117
15.5,Winter,Sunday,8,56,84,49,112
15.5,Winter,Sunday,9,58,80,44,83
15.5,Winter,Sunday,10,58,78,41,73
15.5,Winter,Sunday,11,56,80,36,61
15.5,Winter,Sunday,12,55,77,28,59
15.5,Winter,Sunday,13,56,79,30,66
15.5,Winter,Sunday,14,58,79,32,87
15.5,Winter,Sunday,15,61,86,40,125
15.5,Winter,Sunday,16,63,90,46,140
15.5,Winter,Sunday,17,66,97,48,152
15.5,Winter,Sunday,18,70,105,56,156
15.5,Winter,Sunday,19,74,112,65,159
15.5,Winter,Sunday,20,73,110,66,160
15.5,Winter,Sunday,21,73,108,66,159
15.5,Winter,Sunday,22,71,106,62,158
15.5,Winter,Sunday,23,70,102,67,150
15.5,Winter,Sunday,24,68,105,67,148
63.5,Winter,Working Day,1,75,143,56,168
63.5,Winter,Working Day,2,70,132,46,159
63.5,Winter,Working Day,3,67,125,44,172
63.5,Winter,Working Day,4,67,120,39,165
63.5,Winter,Working Day,5,67,120,39,163
63.5,Winter,Working Day,6,68,130,43,154
63.5,Winter,Working Day,7,76,141,50,163
63.5,Winter,Working Day,8,89,159,61,186
63.5,Winter,Working Day,9,88,158,59,163
63.5,Winter,Working Day,10,124,104,104,94
63.5,Winter,Working Day,11,121,95,84,135
63.5,Winter,Working Day,12,119,92,72,204
63.5,Winter,Working Day,13,120,93,70,131
63.5,Winter,Working Day,14,115,115,76,93
63.5,Winter,Working Day,15,111,159,60,188
63.5,Winter,Working Day,16,116,170,70,323
63.5,Winter,Working Day,17,108,173,74,319
63.5,Winter,Working Day,18,128,207,100,344
63.5,Winter,Working Day,19,170,267,148,397
63.5,Winter,Working Day,20,135,212,129,342
63.5,Winter,Working Day,21,109,174,85,340
63.5,Winter,Working Day,22,111,166,82,311
63.5,Winter,Working Day,23,106,160,79,289
63.5,Winter,Working Day,24,81,150,70,223
