index,Distributed Energy_2050_Export Capacity (MW),Distributed Energy_2050_Export Capacity (MW),Distributed Energy_2050_Export Capacity (MW),DistributedEnergy_2050.csv_Export Capacity (MW),Global Ambition_2050_Export Capacity (MW),Global Ambition_2050_Export Capacity (MW),Global Ambition_2050_Export Capacity (MW),GlobalAmbition_2050.csv_Export Capacity (MW),Distributed Energy_2050_Import Capacity (MW),Distributed Energy_2050_Import Capacity (MW),Distributed Energy_2050_Import Capacity (MW),DistributedEnergy_2050.csv_Import Capacity (MW),Global Ambition_2050_Import Capacity (MW),Global Ambition_2050_Import Capacity (MW),Global Ambition_2050_Import Capacity (MW),GlobalAmbition_2050.csv_Import Capacity (MW)
AL00-GR00,900.0,900.0,900.0,900.0,400.0,400.0,400.0,400.0,900.0,900.0,900.0,900.0,400.0,400.0,400.0,400.0
AL00-ME00,2850.0,2850.0,2850.0,2850.0,1350.0,1350.0,1350.0,1350.0,2850.0,2850.0,2850.0,2850.0,1350.0,1350.0,1350.0,1350.0
AL00-RS00,500.0,500.0,500.0,500.0,1000.0,1000.0,1000.0,1000.0,500.0,500.0,500.0,500.0,1000.0,1000.0,1000.0,1000.0
AT00-CH00,1200.0,1200.0,1200.0,1200.0,1200.0,1200.0,1200.0,1200.0,1200.0,1200.0,1200.0,1200.0,1200.0,1200.0,1200.0,1200.0
AT00-CZ00,2900.0,2900.0,2900.0,2900.0,1400.0,1400.0,1400.0,1400.0,2900.0,2900.0,2900.0,2900.0,1400.0,1400.0,1400.0,1400.0
AT00-DE00,8500.0,8500.0,8500.0,8500.0,8500.0,8500.0,8500.0,8500.0,8500.0,8500.0,8500.0,8500.0,8500.0,8500.0,8500.0,8500.0
AT00-HU00,800.0,800.0,800.0,800.0,1800.0,1800.0,1800.0,1800.0,800.0,800.0,800.0,800.0,1800.0,1800.0,1800.0,1800.0
AT00-SI00,950.0,950.0,950.0,950.0,1450.0,1450.0,1450.0,1450.0,950.0,950.0,950.0,950.0,1450.0,1450.0,1450.0,1450.0
BA00-HR00,750.0,750.0,750.0,750.0,750.0,750.0,750.0,750.0,700.0,700.0,700.0,700.0,700.0,700.0,700.0,700.0
BA00-ME00,2800.0,2800.0,2800.0,2800.0,1300.0,1300.0,1300.0,1300.0,2750.0,2750.0,2750.0,2750.0,1250.0,1250.0,1250.0,1250.0
BA00-RS00,4340.0,4340.0,4340.0,4340.0,1710.0,1710.0,1710.0,1710.0,3210.0,3210.0,3210.0,3210.0,1000.0,1000.0,1000.0,1000.0
BE00-DE00,1000.0,1000.0,1000.0,1000.0,1000.0,1000.0,1000.0,1000.0,1000.0,1000.0,1000.0,1000.0,1000.0,1000.0,1000.0,1000.0
BE00-LU00,680.0,680.0,680.0,680.0,680.0,680.0,680.0,680.0,180.0,180.0,180.0,180.0,180.0,180.0,180.0,180.0
BE00-NL00,3400.0,3400.0,3400.0,3400.0,3400.0,3400.0,3400.0,3400.0,4400.0,4400.0,4400.0,4400.0,4400.0,4400.0,4400.0,4400.0
BE00-UK00,1000.0,1000.0,1000.0,1000.0,,,,,1000.0,1000.0,1000.0,1000.0,,,,
BG00-GR00,1700.0,1700.0,1700.0,1700.0,1700.0,1700.0,1700.0,1700.0,1400.0,1400.0,1400.0,1400.0,1400.0,1400.0,1400.0,1400.0
BG00-MK00,500.0,500.0,500.0,500.0,500.0,500.0,500.0,500.0,400.0,400.0,400.0,400.0,400.0,400.0,400.0,400.0
BG00-RO00,1500.0,1500.0,1500.0,1500.0,1500.0,1500.0,1500.0,1500.0,1400.0,1400.0,1400.0,1400.0,1400.0,1400.0,1400.0,1400.0
BG00-RS00,810.0,810.0,810.0,810.0,810.0,810.0,810.0,810.0,540.0,540.0,540.0,540.0,540.0,540.0,540.0,540.0
BG00-TR00,4000.0,4000.0,4000.0,4000.0,4000.0,4000.0,4000.0,4000.0,3200.0,3200.0,3200.0,3200.0,3200.0,3200.0,3200.0,3200.0
CY00-GR03,1000.0,1000.0,1000.0,1000.0,1000.0,1000.0,1000.0,1000.0,1000.0,1000.0,1000.0,1000.0,1000.0,1000.0,1000.0,1000.0
CZ00-DE00,2600.0,2600.0,2600.0,2600.0,2100.0,2100.0,2100.0,2100.0,2000.0,2000.0,2000.0,2000.0,1500.0,1500.0,1500.0,1500.0
CZ00-SK00,2300.0,2300.0,2300.0,2300.0,2300.0,2300.0,2300.0,2300.0,1600.0,1600.0,1600.0,1600.0,1600.0,1600.0,1600.0,1600.0
DE00-DEKF,400.0,400.0,400.0,400.0,400.0,400.0,400.0,400.0,400.0,400.0,400.0,400.0,400.0,400.0,400.0,400.0
DE00-DKE1,2200.0,2200.0,2200.0,2200.0,1200.0,1200.0,1200.0,1200.0,2185.0,2185.0,2185.0,2185.0,1185.0,1185.0,1185.0,1185.0
DE00-DKW1,3500.0,3500.0,3500.0,3500.0,3500.0,3500.0,3500.0,3500.0,3500.0,3500.0,3500.0,3500.0,3500.0,3500.0,3500.0,3500.0
DE00-LU00,2300.0,2300.0,2300.0,2300.0,2300.0,2300.0,2300.0,2300.0,2300.0,2300.0,2300.0,2300.0,2300.0,2300.0,2300.0,2300.0
DE00-NL00,5000.0,5000.0,5000.0,5000.0,6000.0,6000.0,6000.0,6000.0,5000.0,5000.0,5000.0,5000.0,6000.0,6000.0,6000.0,6000.0
DE00-NOS0,1400.0,1400.0,1400.0,1400.0,1400.0,1400.0,1400.0,1400.0,1400.0,1400.0,1400.0,1400.0,1400.0,1400.0,1400.0,1400.0
DE00-SE04,3515.0,3515.0,3515.0,3515.0,2015.0,2015.0,2015.0,2015.0,3515.0,3515.0,3515.0,3515.0,2015.0,2015.0,2015.0,2015.0
DEKF-DKKF,400.0,400.0,400.0,400.0,400.0,400.0,400.0,400.0,400.0,400.0,400.0,400.0,400.0,400.0,400.0,400.0
DKE1-DKKF,400.0,400.0,400.0,400.0,400.0,400.0,400.0,400.0,600.0,600.0,600.0,600.0,600.0,600.0,600.0,600.0
DKE1-DKW1,600.0,600.0,600.0,600.0,600.0,600.0,600.0,600.0,590.0,590.0,590.0,590.0,590.0,590.0,590.0,590.0
DKE1-PL00,600.0,600.0,600.0,600.0,600.0,600.0,600.0,600.0,600.0,600.0,600.0,600.0,600.0,600.0,600.0,600.0
DKE1-SE04,4200.0,4200.0,4200.0,4200.0,3200.0,3200.0,3200.0,3200.0,3800.0,3800.0,3800.0,3800.0,2800.0,2800.0,2800.0,2800.0
DKW1-NL00,700.0,700.0,700.0,700.0,700.0,700.0,700.0,700.0,700.0,700.0,700.0,700.0,700.0,700.0,700.0,700.0
DKW1-NOS0,1640.0,1640.0,1640.0,1640.0,1640.0,1640.0,1640.0,1640.0,1640.0,1640.0,1640.0,1640.0,1640.0,1640.0,1640.0,1640.0
DKW1-SE03,2215.0,2215.0,2215.0,2215.0,715.0,715.0,715.0,715.0,2215.0,2215.0,2215.0,2215.0,715.0,715.0,715.0,715.0
DKW1-UK00,2800.0,2800.0,2800.0,2800.0,1400.0,1400.0,1400.0,1400.0,2800.0,2800.0,2800.0,2800.0,1400.0,1400.0,1400.0,1400.0
EE00-LV00,1100.0,1100.0,1100.0,1100.0,1100.0,1100.0,1100.0,1100.0,900.0,900.0,900.0,900.0,900.0,900.0,900.0,900.0
ES00-FR00,11000.0,11000.0,11000.0,11000.0,8000.0,8000.0,8000.0,8000.0,11000.0,11000.0,11000.0,11000.0,8000.0,8000.0,8000.0,8000.0
ES00-PT00,6200.0,6200.0,6200.0,6200.0,4700.0,4700.0,4700.0,4700.0,5500.0,5500.0,5500.0,5500.0,4000.0,4000.0,4000.0,4000.0
FI00-NON1,1000.0,1000.0,1000.0,1000.0,,,,,1000.0,1000.0,1000.0,1000.0,,,,
FI00-SE01,2000.0,2000.0,2000.0,2000.0,2000.0,2000.0,2000.0,2000.0,2000.0,2000.0,2000.0,2000.0,2000.0,2000.0,2000.0,2000.0
FI00-SE02,1000.0,1000.0,1000.0,1000.0,1000.0,1000.0,1000.0,1000.0,1000.0,1000.0,1000.0,1000.0,1000.0,1000.0,1000.0,1000.0
FI00-SE03,2200.0,2200.0,2200.0,2200.0,1200.0,1200.0,1200.0,1200.0,2200.0,2200.0,2200.0,2200.0,1200.0,1200.0,1200.0,1200.0
FR00-IT00,4100.0,4100.0,4100.0,4100.0,5100.0,5100.0,5100.0,5100.0,2000.0,2000.0,2000.0,2000.0,3000.0,3000.0,3000.0,3000.0
FR00-LU00,380.0,380.0,380.0,380.0,380.0,380.0,380.0,380.0,,,,,,,,
FR15-IT00,70.0,70.0,70.0,70.0,70.0,70.0,70.0,70.0,130.0,130.0,130.0,130.0,130.0,130.0,130.0,130.0
GR00-IT00,1500.0,1500.0,1500.0,1500.0,500.0,500.0,500.0,500.0,1500.0,1500.0,1500.0,1500.0,500.0,500.0,500.0,500.0
GR00-MA00,2000.0,2000.0,2000.0,2000.0,2000.0,2000.0,2000.0,2000.0,2000.0,2000.0,2000.0,2000.0,2000.0,2000.0,2000.0,2000.0
GR00-MK00,2100.0,2100.0,2100.0,2100.0,2100.0,2100.0,2100.0,2100.0,1850.0,1850.0,1850.0,1850.0,1850.0,1850.0,1850.0,1850.0
GR00-TR00,3260.0,3260.0,3260.0,3260.0,3260.0,3260.0,3260.0,3260.0,3180.0,3180.0,3180.0,3180.0,3180.0,3180.0,3180.0,3180.0
HR00-HU00,1700.0,1700.0,1700.0,1700.0,1700.0,1700.0,1700.0,1700.0,1700.0,1700.0,1700.0,1700.0,1700.0,1700.0,1700.0,1700.0
HR00-RS00,1080.0,1080.0,1080.0,1080.0,1580.0,1580.0,1580.0,1580.0,1100.0,1100.0,1100.0,1100.0,1600.0,1600.0,1600.0,1600.0
HR00-SI00,3000.0,3000.0,3000.0,3000.0,2000.0,2000.0,2000.0,2000.0,3000.0,3000.0,3000.0,3000.0,2000.0,2000.0,2000.0,2000.0
HU00-RO00,1500.0,1500.0,1500.0,1500.0,1000.0,1000.0,1000.0,1000.0,1600.0,1600.0,1600.0,1600.0,1100.0,1100.0,1100.0,1100.0
HU00-RS00,1180.0,1180.0,1180.0,1180.0,1180.0,1180.0,1180.0,1180.0,1250.0,1250.0,1250.0,1250.0,1250.0,1250.0,1250.0,1250.0
HU00-SI00,1200.0,1200.0,1200.0,1200.0,1200.0,1200.0,1200.0,1200.0,1200.0,1200.0,1200.0,1200.0,1200.0,1200.0,1200.0,1200.0
HU00-SK00,3300.0,3300.0,3300.0,3300.0,2300.0,2300.0,2300.0,2300.0,4100.0,4100.0,4100.0,4100.0,3100.0,3100.0,3100.0,3100.0
HU00-UA01,450.0,450.0,450.0,450.0,450.0,450.0,450.0,450.0,650.0,650.0,650.0,650.0,650.0,650.0,650.0,650.0
IE00-FR00,700.0,700.0,700.0,700.0,,,,,700.0,700.0,700.0,700.0,,,,
IE00-UK00,1754.0,1754.0,1754.0,1754.0,1754.0,1754.0,1754.0,1754.0,1754.0,1754.0,1754.0,1754.0,1754.0,1754.0,1754.0,1754.0
IE00-UKNI,1250.0,1250.0,1250.0,1250.0,1250.0,1250.0,1250.0,1250.0,1200.0,1200.0,1200.0,1200.0,1200.0,1200.0,1200.0,1200.0
IT00-ME00,1200.0,1200.0,1200.0,1200.0,600.0,600.0,600.0,600.0,1200.0,1200.0,1200.0,1200.0,600.0,600.0,600.0,600.0
IT00-MT00,200.0,200.0,200.0,200.0,200.0,200.0,200.0,200.0,200.0,200.0,200.0,200.0,200.0,200.0,200.0,200.0
IT00-SI00,1805.0,1805.0,1805.0,1805.0,805.0,805.0,805.0,805.0,1895.0,1895.0,1895.0,1895.0,895.0,895.0,895.0,895.0
LT00-LV00,950.0,950.0,950.0,950.0,950.0,950.0,950.0,950.0,950.0,950.0,950.0,950.0,950.0,950.0,950.0,950.0
LT00-PL00,1200.0,1200.0,1200.0,1200.0,1200.0,1200.0,1200.0,1200.0,1200.0,1200.0,1200.0,1200.0,1200.0,1200.0,1200.0,1200.0
LT00-SE04,700.0,700.0,700.0,700.0,700.0,700.0,700.0,700.0,700.0,700.0,700.0,700.0,700.0,700.0,700.0,700.0
MA00-ES00,600.0,600.0,600.0,600.0,600.0,600.0,600.0,600.0,600.0,600.0,600.0,600.0,600.0,600.0,600.0,600.0
ME00-RS00,580.0,580.0,580.0,580.0,580.0,580.0,580.0,580.0,550.0,550.0,550.0,550.0,550.0,550.0,550.0,550.0
MK00-RS00,1450.0,1450.0,1450.0,1450.0,1450.0,1450.0,1450.0,1450.0,1540.0,1540.0,1540.0,1540.0,1540.0,1540.0,1540.0,1540.0
NL00-NOS0,700.0,700.0,700.0,700.0,700.0,700.0,700.0,700.0,700.0,700.0,700.0,700.0,700.0,700.0,700.0,700.0
NL00-UK00,3000.0,3000.0,3000.0,3000.0,3000.0,3000.0,3000.0,3000.0,3000.0,3000.0,3000.0,3000.0,3000.0,3000.0,3000.0,3000.0
NOM1-NON1,1300.0,1300.0,1300.0,1300.0,1300.0,1300.0,1300.0,1300.0,1300.0,1300.0,1300.0,1300.0,1300.0,1300.0,1300.0,1300.0
NOM1-NOS0,1400.0,1400.0,1400.0,1400.0,1400.0,1400.0,1400.0,1400.0,1400.0,1400.0,1400.0,1400.0,1400.0,1400.0,1400.0,1400.0
NOM1-SE02,600.0,600.0,600.0,600.0,600.0,600.0,600.0,600.0,1000.0,1000.0,1000.0,1000.0,1000.0,1000.0,1000.0,1000.0
NON1-SE01,700.0,700.0,700.0,700.0,700.0,700.0,700.0,700.0,600.0,600.0,600.0,600.0,600.0,600.0,600.0,600.0
NON1-SE02,250.0,250.0,250.0,250.0,250.0,250.0,250.0,250.0,300.0,300.0,300.0,300.0,300.0,300.0,300.0,300.0
NOS0-SE03,3145.0,3145.0,3145.0,3145.0,2145.0,2145.0,2145.0,2145.0,3095.0,3095.0,3095.0,3095.0,2095.0,2095.0,2095.0,2095.0
PL00-SE04,600.0,600.0,600.0,600.0,600.0,600.0,600.0,600.0,600.0,600.0,600.0,600.0,600.0,600.0,600.0,600.0
RO00-RS00,2000.0,2000.0,2000.0,2000.0,2000.0,2000.0,2000.0,2000.0,2000.0,2000.0,2000.0,2000.0,2000.0,2000.0,2000.0,2000.0
RO00-UA01,150.0,150.0,150.0,150.0,150.0,150.0,150.0,150.0,150.0,150.0,150.0,150.0,150.0,150.0,150.0,150.0
RU00-LV00,300.0,300.0,300.0,300.0,300.0,300.0,300.0,300.0,,,,,,,,
RU00-NON1,50.0,50.0,50.0,50.0,50.0,50.0,50.0,50.0,,,,,,,,
SE01-SE02,3300.0,3300.0,3300.0,3300.0,3300.0,3300.0,3300.0,3300.0,3300.0,3300.0,3300.0,3300.0,3300.0,3300.0,3300.0,3300.0
SE02-SE03,8900.0,8900.0,8900.0,8900.0,8900.0,8900.0,8900.0,8900.0,8900.0,8900.0,8900.0,8900.0,8900.0,8900.0,8900.0,8900.0
SE03-SE04,6200.0,6200.0,6200.0,6200.0,6200.0,6200.0,6200.0,6200.0,2800.0,2800.0,2800.0,2800.0,2800.0,2800.0,2800.0,2800.0
SK00-UA01,650.0,650.0,650.0,650.0,650.0,650.0,650.0,650.0,650.0,650.0,650.0,650.0,650.0,650.0,650.0,650.0
TN00-IT00,600.0,600.0,600.0,600.0,600.0,600.0,600.0,600.0,600.0,600.0,600.0,600.0,600.0,600.0,600.0,600.0
UK00-UKNI,1150.0,1150.0,1150.0,1150.0,1150.0,1150.0,1150.0,1150.0,1200.0,1200.0,1200.0,1200.0,1200.0,1200.0,1200.0,1200.0
FI00-EE00,2500.0,2500.0,2500.0,2500.0,2000.0,2000.0,2000.0,2000.0,2516.0,2516.0,2516.0,2516.0,2016.0,2016.0,2016.0,2016.0
SK00-PL00,2490.0,2490.0,2490.0,2490.0,1490.0,1490.0,1490.0,1490.0,2490.0,2490.0,2490.0,2490.0,1490.0,1490.0,1490.0,1490.0
IT00-AT00,1450.0,1450.0,1450.0,1450.0,1450.0,1450.0,1450.0,1450.0,1600.0,1600.0,1600.0,1600.0,1600.0,1600.0,1600.0,1600.0
PL00-CZ00,2800.0,2800.0,2800.0,2800.0,1800.0,1800.0,1800.0,1800.0,2600.0,2600.0,2600.0,2600.0,1600.0,1600.0,1600.0,1600.0
GR03-GR00,2800.0,2800.0,2800.0,2800.0,2800.0,2800.0,2800.0,2800.0,2800.0,2800.0,2800.0,2800.0,2800.0,2800.0,2800.0,2800.0
PL00-DE00,4500.0,4500.0,4500.0,4500.0,4500.0,4500.0,4500.0,4500.0,3500.0,3500.0,3500.0,3500.0,3500.0,3500.0,3500.0,3500.0
IT00-CH00,1900.0,1900.0,1900.0,1900.0,2900.0,2900.0,2900.0,2900.0,3950.0,3950.0,3950.0,3950.0,4950.0,4950.0,4950.0,4950.0
UK00-FR00,8400.0,8400.0,8400.0,8400.0,,,,,8400.0,8400.0,8400.0,8400.0,,,,
FR00-BE00,6300.0,6300.0,6300.0,6300.0,6300.0,6300.0,6300.0,6300.0,4800.0,4800.0,4800.0,4800.0,4800.0,4800.0,4800.0,4800.0
UK00-NOS0,4200.0,4200.0,4200.0,4200.0,4200.0,4200.0,4200.0,4200.0,4200.0,4200.0,4200.0,4200.0,4200.0,4200.0,4200.0,4200.0
DE00-CH00,3600.0,3600.0,3600.0,3600.0,3850.0,3850.0,3850.0,3850.0,4300.0,4300.0,4300.0,4300.0,4900.0,4900.0,4900.0,4900.0
FR00-DE00,4800.0,4800.0,4800.0,4800.0,4800.0,4800.0,4800.0,4800.0,4800.0,4800.0,4800.0,4800.0,4800.0,4800.0,4800.0,4800.0
FR00-CH00,6200.0,6200.0,6200.0,6200.0,6200.0,6200.0,6200.0,6200.0,2900.0,2900.0,2900.0,2900.0,2900.0,2900.0,2900.0,2900.0
MK00-AL00,2500.0,2500.0,2500.0,2500.0,2000.0,2000.0,2000.0,2000.0,2500.0,2500.0,2500.0,2500.0,2000.0,2000.0,2000.0,2000.0
FR00-UK00,,,,,5400.0,5400.0,5400.0,5400.0,,,,,5400.0,5400.0,5400.0,5400.0
SE03-LV00,,,,,500.0,500.0,500.0,500.0,,,,,500.0,500.0,500.0,500.0
UK00-BE00,,,,,3800.0,3800.0,3800.0,3800.0,,,,,3800.0,3800.0,3800.0,3800.0
